Display Name,Title,Summary,Featured,Event Start Date,Event End Date,Event Start Time,Event End Time,All Day Event,Default Image,Details,Location,Link Title,Link URL,Online Event Link Title,Online Event Link
Event Title,Event Title,,Y,09/10/24,9/10/24,3:00 PM,5:00 PM,N,Y,A brief summary that will show on the home page,"1 UTSA Blvd. San Antonio, TX 78249 ",The Gradute School website,The Gradute School website,Zoom link,https://utsa.zoom.us/j/7160162449?pwd=U1NQcFRyaStScW9FK0tMcmcwYUNUZz09
Build as you learn: Resume & Cover Letter Lab (In-Person) ,,,,08/25/25,8/252025,11:00 AM,12:00 PM,N,Y,"💻Have your laptop or paper copy of your resume or cover letter ready to work in real-time + receive support. You will leave this lab with a solid draft or major improvements using UTSA’s Career Center tools and examples.

Here’s what we’ll cover:

📄Purpose of a resume 
🧱Resume structure

Sections: Contact Info, Education, Experience, Skills
Formatting tips: Consistent margins, fonts, reverse-chronological order
Bullet points: Focus on action verbs + results
🔍Review resume examples
🤖Introduce  VMock  resume features (check out our AI/VMock Labs  for a deeper dive)
🧾Purpose of a cover letter & structure
✍️Live working session to work on your resume and/or cover letter

 NOTE: ⏰Please arrive on time; latecomers will be encouraged to attend future labs or drop-ins.

The Career Lab Series is an interactive hands-on learning experience. Please be ready to participate.  If you would like to use a laptop during the lab, please arrive 10 minutes early and let our front desk know.",University Career Center University Career Center SU 2.02.04,,https://app.joinhandshake.com/edu/events/1789418,,
Search Smarter: Internship & Job Search Career Lab (Virtual),,,,08/25/25,8/25/25,1:00 PM,2:00 PM,N,Y,"💻Learn the strategy, start the search. Bring your laptop for this in real-time job/internship navigation lab. You will leave this lab with a clear strategy and have started your search using UTSA’s Career Center tools and knowledge of various job boards. 

Here’s what we’ll cover:

🎯Know what you’re searching for
🔎Where to search
📋 Getting organized/tracking
✍️Live working session to start your search, get help, and apply in real time

FALL 2025 Career Lab Descriptions 

 NOTE: ⏰Please arrive on time; latecomers will be encouraged to attend future labs or drop-ins.

The Career Lab Series is an  interactive hands-on learning experience. Please be ready to participate. For a more engaging and professional experience, we encourage you to have your camera on—just like in most workplace settings. For this lab, our focus is on equipping you with effective internship and job search techniques & tools, but the process of securing opportunities will ultimately depend on your own efforts and engagement.",Virtual,,https://app.joinhandshake.com/edu/events/1789467,,https://app.joinhandshake.com/edu/events/1789467
Build as You Learn: Resume & Cover Letter Career Lab (Virtual),,,,08/26/25,8/26/25,11:00 AM,12:00 PM,N,Y,"💻Have your laptop or paper copy of your resume or cover letter ready to work in real-time + receive support. You will leave this lab with a solid draft or major improvements using UTSA’s Career Center tools and examples.

Here’s what we’ll cover:

📄Purpose of a resume 
🧱Resume structure

Sections: Contact Info, Education, Experience, Skills
Formatting tips: Consistent margins, fonts, reverse-chronological order
Bullet points: Focus on action verbs + results
🔍Review resume examples
🤖Introduce  VMock  resume features (check out our AI/VMock Labs  for a deeper dive)
🧾Purpose of a cover letter & structure
✍️Live working session to work on your resume and/or cover letter

NOTE: ⏰Please arrive on time; latecomers will be encouraged to attend future labs or drop-ins. For a more engaging and professional experience, we encourage you to have your camera on—just like in most workplace settings.

The Career Lab Series is an interactive hands-on learning experience. Please be ready to participate.  ",Virtual,,https://app.joinhandshake.com/edu/events/1789445,,https://app.joinhandshake.com/edu/events/1789445
Search Smarter: Internship & Job Search Career Lab (In-Person),,,,08/26/25,8/26/25,1:00 PM,2:00 PM,N,Y,"💻Learn the strategy, start the search. Bring your laptop for this in real-time job/internship navigation lab. You will leave this lab with a clear strategy and have started your search using UTSA’s Career Center tools and knowledge of various job boards. 

Here’s what we’ll cover:

🎯Know what you’re searching for
🔎Where to search
📋 Getting organized/tracking
✍️Live working session to start your search, get help, and apply in real time

FALL 2025 Career Lab Descriptions 

NOTE: ⏰Please arrive on time; latecomers will be encouraged to attend future labs or drop-ins.

The Career Lab Series is an  interactive hands-on learning experience. Please be ready to participate. If you would like to use a laptop during the lab, please arrive 10 minutes early and let our front desk know. For this lab, our focus is on equipping you with effective internship and job search techniques & tools, but the process of securing opportunities will ultimately depend on your own efforts and engagement.",University Career Center University Career Center SU 2.02.04,,https://app.joinhandshake.com/edu/events/1794102,,
Career Center Drop Ins (Virtual),,,,08/27/25,8/27/25,11:00 AM,1:00 PM,N,Y,"Guidelines for Drop-Ins Assistance

Need quick career help? Stop by our drop-ins for a 15-minute chat with a Career Consultant—no appointment needed! We can help with resumes, job/internship searches, interview tips, and more.

In- Person-at the Career Center Lobby SU 2.02.04 

Virtual-Register to gain access to Zoom link

If you would like additional help, please see our website at https://careercenter.utsa.edu/ or call our front office at 210-458-4589.

Fall 2025 Drop-In Schedule: Aug 18-Dec 4

Wednesdays 11am-1pm

Thursdays 1pm-3pm",Virtual,,https://app.joinhandshake.com/edu/events/1789522,,https://app.joinhandshake.com/edu/events/1789522
Career Center Drop Ins (In-Person) ,,,,08/27/25,8/27/25,11:00 AM,1:00 PM,N,Y,"Guidelines for Drop-Ins Assistance

Need quick career help? Stop by our drop-ins for a 15-minute chat with a Career Consultant—no appointment needed! We can help with resumes, job/internship searches, interview tips, and more.

In- Person-at the Career Center Lobby SU 2.02.04 

Virtual-Register to gain access to Zoom link

If you would like additional help, please see our website at https://careercenter.utsa.edu/ or call our front office at 210-458-4589.

Fall 2025 Drop-In Schedule: Aug 18-Dec 4

Wednesdays 11am-1pm

Thursdays 1pm-3pm",University Career Center University Career Center SU 2.02.04,,https://app.joinhandshake.com/edu/events/1789522,,
Prescribe Your Path: Steps Toward a Health Profession Career Lab,,,,09/28/25,8/28/25,11:00 AM,12:00 PM,N,Y,"🩺This Health Professions Lab is designed to give you a foundational overview and help you make informed decisions about your next steps. Whether you’re just beginning to explore a career in healthcare or you are already committed to a specific path, this Health Professions Lab will help you understand key steps on how to prepare academically and professionally as well as learn about key resources & support to help you succeed. 



Here’s what we’ll cover:

🔍 What is the Health Professions Office ?
🏥 Exploring careers in the medical field
✅ Understanding prerequisites for program(s) of interest
🔗 How to engage in Health Profession events & connect with Health Profession Student Organizations
💉 How to gain shadowing, volunteering, and clinical experiences
🗓️ Plan for application deadlines



NOTE: ⏰Please arrive on time. Latecomers will be encouraged to attend future Health Profession Labs. See Handshake Events for future lab dates.  This lab will not cover in-depth specific pathways or specific classes that you will need to take. The resources provided in this lab will help you navigate necessary information then empower you to direct your questions to the appropriate departments. ",University Career Center University Career Center SU 2.02.04,,https://app.joinhandshake.com/edu/events/1791860,,
Start Strong: Your Career Toolkit for the Semester Career Lab (In-Person),,,,08/28/25,8/28/25,12:00 PM,1:00 PM,N,Y,"💡 Start off strong for the semester! This interactive career lab will help you explore key resources and build a foundation for your academic and career success for the fall 2025 semester.

Bring your laptop or paper to take notes and follow along in real time. You’ll leave knowing the right Career Center tools and services to help guide your journey.

Here’s what we’ll cover:
• 🔍 Explore Career Center services & assessments
• 📱 Build and navigate your Handshake profile
• 🎓 Explore your major and career connections
• 🤝 Build your support network and find mentors
• 📄 Learn of tools to help build and improve your resume
• 📅 Engage in career expos 

Incoming Freshman & Transfer Student   CAREER SUCCESS CHECKLIST 

Handshake & Work-Study Jobs Info 

⏰ Please arrive on time—late arrivals may be asked to attend a future lab or drop-in.",University Career Center University Career Center SU 2.02.04,,https://app.joinhandshake.com/edu/events/1789537,,
Career Center Drop Ins (Virtual),,,,08/28/25,8/28/25,1:00 PM,3:00 PM,N,Y,"Guidelines for Drop-Ins Assistance

Need quick career help? Stop by our drop-ins for a 15-minute chat with a Career Consultant—no appointment needed! We can help with resumes, job/internship searches, interview tips, and more.

In- Person-at the Career Center Lobby SU 2.02.04 

Virtual-Register to gain access to Zoom link

If you would like additional help, please see our website at https://careercenter.utsa.edu/ or call our front office at 210-458-4589.

Fall 2025 Drop-In Schedule: Aug 18-Dec 4

Wednesdays 11am-1pm

Thursdays 1pm-3pm",Virtual,,https://app.joinhandshake.com/edu/events/1789521,,https://app.joinhandshake.com/edu/events/1789521
Career Center Drop Ins (In-Person) ,,,,08/28/25,8/28/25,1:00 PM,3:00 PM,N,Y,"Guidelines for Drop-Ins Assistance

Need quick career help? Stop by our drop-ins for a 15-minute chat with a Career Consultant—no appointment needed! We can help with resumes, job/internship searches, interview tips, and more.

In- Person-at the Career Center Lobby SU 2.02.04 

Virtual-Register to gain access to Zoom link

If you would like additional help, please see our website at https://careercenter.utsa.edu/ or call our front office at 210-458-4589.

Fall 2025 Drop-In Schedule: Aug 18-Dec 4

Wednesdays 11am-1pm

Thursdays 1pm-3pm",University Career Center University Career Center SU 2.02.04,,https://app.joinhandshake.com/edu/events/1789521,,
Start Strong: Your Career Toolkit for the Semester Career Lab (In-Person),,,,08/29/25,8/29/25,12:00 PM,1:00 PM,N,Y,"💡 Start off strong for the semester! This interactive career lab will help you explore key resources and build a foundation for your academic and career success for the fall 2025 semester.

Bring your laptop or paper to take notes and follow along in real time. You’ll leave knowing the right Career Center tools and services to help guide your journey.

Here’s what we’ll cover:
• 🔍 Explore Career Center services & assessments
• 📱 Build and navigate your Handshake profile
• 🎓 Explore your major and career connections
• 🤝 Build your support network and find mentors
• 📄 Learn of tools to help build and improve your resume
• 📅 Engage in career expos 

Incoming Freshman & Transfer Student   CAREER SUCCESS CHECKLIST 

Handshake & Work-Study Jobs Info 

⏰ Please arrive on time—late arrivals may be asked to attend a future lab or drop-in.",University Career Center University Career Center SU 2.02.04,,https://app.joinhandshake.com/edu/events/1789539,,
Prescribe Your Path: Steps Toward a Health Profession Career Lab (In-Person) ,,,,08/29/25,8/29/25,1:00 PM,2:00 PM,N,Y,"🩺This Health Professions Lab is designed to give you a foundational overview and help you make informed decisions about your next steps. Whether you’re just beginning to explore a career in healthcare or you are already committed to a specific path, this Health Professions Lab will help you understand key steps on how to prepare academically and professionally as well as learn about key resources & support to help you succeed. 



Here’s what we’ll cover:

🔍 What is the Health Professions Office ?
🏥 Exploring careers in the medical field
✅ Understanding prerequisites for program(s) of interest
🔗 How to engage in Health Profession events & connect with Health Profession Student Organizations
💉 How to gain shadowing, volunteering, and clinical experiences
🗓️ Plan for application deadlines



NOTE: ⏰Please arrive on time. Latecomers will be encouraged to attend future Health Profession Labs. See Handshake Events for future lab dates.  This lab will not cover in-depth specific pathways or specific classes that you will need to take. The resources provided in this lab will help you navigate necessary information then empower you to direct your questions to the appropriate departments. ",University Career Center University Career Center SU 2.02.04,,https://app.joinhandshake.com/edu/events/1793817,,
Build as You Learn: Resume & Cover Letter Career Lab (Virtual),,,,09/02/25,9/2/25,11:00 AM,12:00 PM,N,Y,"💻Have your laptop or paper copy of your resume or cover letter ready to work in real-time + receive support. You will leave this lab with a solid draft or major improvements using UTSA’s Career Center tools and examples.

Here’s what we’ll cover:

📄Purpose of a resume 
🧱Resume structure

Sections: Contact Info, Education, Experience, Skills
Formatting tips: Consistent margins, fonts, reverse-chronological order
Bullet points: Focus on action verbs + results
🔍Review resume examples
🤖Introduce  VMock  resume features (check out our AI/VMock Labs  for a deeper dive)
🧾Purpose of a cover letter & structure
✍️Live working session to work on your resume and/or cover letter



NOTE: ⏰Please arrive on time; latecomers will be encouraged to attend future labs or drop-ins. For a more engaging and professional experience, we encourage you to have your camera on—just like in most workplace settings.

The Career Lab Series is an interactive hands-on learning experience. Please be ready to participate.  ",Virtual,,https://app.joinhandshake.com/edu/events/1798884,,https://app.joinhandshake.com/edu/events/1798884
Start Strong: Your Career Toolkit for the Semester Career Lab (In-Person),,,,09/02/25,9/2/25,12:00 PM,1:00 PM,N,Y,"💡 Start off strong for the semester! This interactive career lab will help you explore key resources and build a foundation for your academic and career success for the fall 2025 semester.

Bring your laptop or paper to take notes and follow along in real time. You’ll leave knowing the right Career Center tools and services to help guide your journey.

Here’s what we’ll cover:
• 🔍 Explore Career Center services & assessments
• 📱 Build and navigate your Handshake profile
• 🎓 Explore your major and career connections
• 🤝 Build your support network and find mentors
• 📄 Learn of tools to help build and improve your resume
• 📅 Engage in career expos 

Incoming Freshman & Transfer Student   CAREER SUCCESS CHECKLIST 

Handshake & Work-Study Jobs Info 

⏰ Please arrive on time—late arrivals may be asked to attend a future lab or drop-in.",University Career Center University Career Center SU 2.02.04,,https://app.joinhandshake.com/edu/events/1789542,,
Search Smarter: Internship & Job Search Career Lab (In-Person),,,,09/02/25,9/2/25,1:00 PM,2:00 PM,N,Y,"💻Learn the strategy, start the search. Bring your laptop for this in real-time job/internship navigation lab. You will leave this lab with a clear strategy and have started your search using UTSA’s Career Center tools and knowledge of various job boards. 

Here’s what we’ll cover:

🎯Know what you’re searching for
🔎Where to search
📋 Getting organized/tracking
✍️Live working session to start your search, get help, and apply in real time

FALL 2025 Career Lab Descriptions 

NOTE: ⏰Please arrive on time; latecomers will be encouraged to attend future labs or drop-ins.

The Career Lab Series is an  interactive hands-on learning experience. Please be ready to participate. If you would like to use a laptop during the lab, please arrive 10 minutes early and let our front desk know. For this lab, our focus is on equipping you with effective internship and job search techniques & tools, but the process of securing opportunities will ultimately depend on your own efforts and engagement.",University Career Center University Career Center SU 2.02.04,,https://app.joinhandshake.com/edu/events/1798935,,
Prescribe Your Path: Steps Toward a Health Profession Career Lab (In-Person) ,,,,09/02/25,9/2/25,3:00 PM,4:00 PM,N,Y,"🩺This Health Professions Lab is designed to give you a foundational overview and help you make informed decisions about your next steps. Whether you’re just beginning to explore a career in healthcare or you are already committed to a specific path, this Health Professions Lab will help you understand key steps on how to prepare academically and professionally as well as learn about key resources & support to help you succeed. 



Here’s what we’ll cover:

🔍 What is the Health Professions Office ?
🏥 Exploring careers in the medical field
✅ Understanding prerequisites for program(s) of interest
🔗 How to engage in Health Profession events & connect with Health Profession Student Organizations
💉 How to gain shadowing, volunteering, and clinical experiences
🗓️ Plan for application deadlines



NOTE: ⏰Please arrive on time. Latecomers will be encouraged to attend future Health Profession Labs. See Handshake Events for future lab dates.  This lab will not cover in-depth specific pathways or specific classes that you will need to take. The resources provided in this lab will help you navigate necessary information then empower you to direct your questions to the appropriate departments. ",University Career Center University Career Center SU 2.02.04,,https://app.joinhandshake.com/edu/events/1793822,,
Improve Your Interview Skills Using VMock (AI),,,,09/04/25,9/4/25,11:00 AM,12:00 PM,N,Y ,"Learn how to improve your interview skills and make the whole process less scary! We will be working through our VMock AI tool to discuss important features of interviewing.  You will not need to practice interviewing during this lab. However, it is recommended that you bring your computer to follow along.

Here’s what we will cover: 

Basics of Marketing Yourself 
Elevator Pitch 
Verbal and Non-Verbal Communication 
Note: Be prepared to engage and please arrive on time; latecomers will be encouraged to attend future labs or drop-ins. If you would like to use a laptop during the lab, please arrive 10 minutes early and let our front desk know.",University Career Center University Career Center SU 2.02.04,,https://app.joinhandshake.com/edu/events/1795940,,
Career Center Drop Ins (Virtual),,,,09/04/25,9/4/25,1:00 PM,3:00 PM,N,Y ,"Guidelines for Drop-Ins Assistance

Need quick career help? Stop by our drop-ins for a 15-minute chat with a Career Consultant—no appointment needed! We can help with resumes, job/internship searches, interview tips, and more.

In- Person-at the Career Center Lobby SU 2.02.04 

Virtual-Register to gain access to Zoom link

If you would like additional help, please see our website at https://careercenter.utsa.edu/ or call our front office at 210-458-4589.

Fall 2025 Drop-In Schedule: Aug 18-Dec 4

Wednesdays 11am-1pm

Thursdays 1pm-3pm",Virtual,,https://app.joinhandshake.com/edu/events/1792047,,https://app.joinhandshake.com/edu/events/1792047
Career Center Drop Ins (In-Person) ,,,,09/04/25,9/4/25,1:00 PM,3:00 PM,N,Y ,"Guidelines for Drop-Ins Assistance

Need quick career help? Stop by our drop-ins for a 15-minute chat with a Career Consultant—no appointment needed! We can help with resumes, job/internship searches, interview tips, and more.

In- Person-at the Career Center Lobby SU 2.02.04 

Virtual-Register to gain access to Zoom link

If you would like additional help, please see our website at https://careercenter.utsa.edu/ or call our front office at 210-458-4589.

Fall 2025 Drop-In Schedule: Aug 18-Dec 4

Wednesdays 11am-1pm

Thursdays 1pm-3pm",University Career Center University Career Center SU 2.02.04,,https://app.joinhandshake.com/edu/events/1792047,,
Build as You Learn: Resume & Cover Letter Career Lab (In-Person),,,,09/08/25,9/8/25,11:00 AM,12:00 PM,N,Y,"💻Have your laptop or paper copy of your resume or cover letter ready to work in real-time + receive support. You will leave this lab with a solid draft or major improvements using UTSA’s Career Center tools and examples.

Here’s what we’ll cover:

📄Purpose of a resume 
🧱Resume structure

Sections: Contact Info, Education, Experience, Skills
Formatting tips: Consistent margins, fonts, reverse-chronological order
Bullet points: Focus on action verbs + results
🔍Review resume examples
🤖Introduce  VMock  resume features (check out our AI/VMock Labs  for a deeper dive)
🧾Purpose of a cover letter & structure
✍️Live working session to work on your resume and/or cover letter



 NOTE: ⏰Please arrive on time; latecomers will be encouraged to attend future labs or drop-ins.

The Career Lab Series is an interactive hands-on learning experience. Please be ready to participate.  If you would like to use a laptop during the lab, please arrive 10 minutes early and let our front desk know.",University Career Center University Career Center SU 2.02.04,,https://app.joinhandshake.com/edu/events/1798603,,
Search Smarter: Internship & Job Search Career Lab (Virtual),,,,09/08/25,9/8/25,1:00 PM,2:00 PM,N,Y,"💻Learn the strategy, start the search. Bring your laptop for this in real-time job/internship navigation lab. You will leave this lab with a clear strategy and have started your search using UTSA’s Career Center tools and knowledge of various job boards. 

Here’s what we’ll cover:

🎯Know what you’re searching for
🔎Where to search
📋 Getting organized/tracking
✍️Live working session to start your search, get help, and apply in real time

FALL 2025 Career Lab Descriptions 

 NOTE: ⏰Please arrive on time; latecomers will be encouraged to attend future labs or drop-ins.

The Career Lab Series is an  interactive hands-on learning experience. Please be ready to participate. For a more engaging and professional experience, we encourage you to have your camera on—just like in most workplace settings. For this lab, our focus is on equipping you with effective internship and job search techniques & tools, but the process of securing opportunities will ultimately depend on your own efforts and engagement.",Virtual,,https://app.joinhandshake.com/edu/events/1798750,,https://app.joinhandshake.com/edu/events/1798750
Build as You Learn: Resume & Cover Letter Career Lab (Virtual),,,,09/09/25,9/9/25,11:00 AM,12:00 PM,N,Y,"💻Have your laptop or paper copy of your resume or cover letter ready to work in real-time + receive support. You will leave this lab with a solid draft or major improvements using UTSA’s Career Center tools and examples.

Here’s what we’ll cover:

📄Purpose of a resume 
🧱Resume structure

Sections: Contact Info, Education, Experience, Skills
Formatting tips: Consistent margins, fonts, reverse-chronological order
Bullet points: Focus on action verbs + results
🔍Review resume examples
🤖Introduce  VMock  resume features (check out our AI/VMock Labs  for a deeper dive)
🧾Purpose of a cover letter & structure
✍️Live working session to work on your resume and/or cover letter



NOTE: ⏰Please arrive on time; latecomers will be encouraged to attend future labs or drop-ins. For a more engaging and professional experience, we encourage you to have your camera on—just like in most workplace settings.

The Career Lab Series is an interactive hands-on learning experience. Please be ready to participate.  ",Virtual,,https://app.joinhandshake.com/edu/events/1798892,,https://app.joinhandshake.com/edu/events/1798892
Search Smarter: Internship & Job Search Career Lab (In-Person),,,,09/09/25,9/9/25,1:00 PM,2:00 PM,N,Y,"💻Learn the strategy, start the search. Bring your laptop for this in real-time job/internship navigation lab. You will leave this lab with a clear strategy and have started your search using UTSA’s Career Center tools and knowledge of various job boards. 

Here’s what we’ll cover:

🎯Know what you’re searching for
🔎Where to search
📋 Getting organized/tracking
✍️Live working session to start your search, get help, and apply in real time

FALL 2025 Career Lab Descriptions 

NOTE: ⏰Please arrive on time; latecomers will be encouraged to attend future labs or drop-ins.

The Career Lab Series is an  interactive hands-on learning experience. Please be ready to participate. If you would like to use a laptop during the lab, please arrive 10 minutes early and let our front desk know. For this lab, our focus is on equipping you with effective internship and job search techniques & tools, but the process of securing opportunities will ultimately depend on your own efforts and engagement.",University Career Center University Career Center SU 2.02.04,,https://app.joinhandshake.com/edu/events/1798941,,
Career Center Drop Ins (Virtual) ,,,,09/11/25,9/11/25,1:00 PM,3:00 PM,N,Y ,"Need quick career help? Stop by our drop-ins for a 15-minute chat with a Career Consultant—no appointment needed! We can help with resumes, job/internship searches, interview tips, and more.

In- Person-at the Career Center Lobby SU 2.02.04 

Virtual-Register to gain access to Zoom link

If you would like additional help, please see our website at https://careercenter.utsa.edu/ or call our front office at 210-458-4589.

Fall 2025 Drop-In Schedule: Aug 18-Dec 4

Wednesdays 11am-1pm

Thursdays 1pm-3pm",Virtual,,https://app.joinhandshake.com/edu/events/1792049,,https://app.joinhandshake.com/edu/events/1792049
Career Center Drop Ins (In-Person),,,,09/11/25,9/11/25,1:00 PM,3:00 PM,N,Y,"Need quick career help? Stop by our drop-ins for a 15-minute chat with a Career Consultant—no appointment needed! We can help with resumes, job/internship searches, interview tips, and more.

In- Person-at the Career Center Lobby SU 2.02.04 

Virtual-Register to gain access to Zoom link

If you would like additional help, please see our website at https://careercenter.utsa.edu/ or call our front office at 210-458-4589.

Fall 2025 Drop-In Schedule: Aug 18-Dec 4

Wednesdays 11am-1pm

Thursdays 1pm-3pm",University Career Center University Career Center SU 2.02.04,,https://app.joinhandshake.com/edu/events/1792049,,
Build as You Learn: Resume & Cover Letter Career Lab (In-Person),,,,09/15/25,9/15/25,11:00 AM,12:00 PM,N,Y ,"💻Have your laptop or paper copy of your resume or cover letter ready to work in real-time + receive support. You will leave this lab with a solid draft or major improvements using UTSA’s Career Center tools and examples.

Here’s what we’ll cover:

📄Purpose of a resume 
🧱Resume structure

Sections: Contact Info, Education, Experience, Skills
Formatting tips: Consistent margins, fonts, reverse-chronological order
Bullet points: Focus on action verbs + results
🔍Review resume examples
🤖Introduce  VMock  resume features (check out our AI/VMock Labs  for a deeper dive)
🧾Purpose of a cover letter & structure
✍️Live working session to work on your resume and/or cover letter



 NOTE: ⏰Please arrive on time; latecomers will be encouraged to attend future labs or drop-ins.

The Career Lab Series is an interactive hands-on learning experience. Please be ready to participate.  If you would like to use a laptop during the lab, please arrive 10 minutes early and let our front desk know.",University Career Center University Career Center SU 2.02.04,,https://app.joinhandshake.com/edu/events/1798606,,
Search Smarter: Internship & Job Search Career Lab (Virtual),,,,09/15/25,9/15/25,1:00 PM,2:00 PM,N,Y ,"💻Learn the strategy, start the search. Bring your laptop for this in real-time job/internship navigation lab. You will leave this lab with a clear strategy and have started your search using UTSA’s Career Center tools and knowledge of various job boards. 

Here’s what we’ll cover:

🎯Know what you’re searching for
🔎Where to search
📋 Getting organized/tracking
✍️Live working session to start your search, get help, and apply in real time

FALL 2025 Career Lab Descriptions 

 NOTE: ⏰Please arrive on time; latecomers will be encouraged to attend future labs or drop-ins.

The Career Lab Series is an  interactive hands-on learning experience. Please be ready to participate. For a more engaging and professional experience, we encourage you to have your camera on—just like in most workplace settings. For this lab, our focus is on equipping you with effective internship and job search techniques & tools, but the process of securing opportunities will ultimately depend on your own efforts and engagement.",Virtual,,https://app.joinhandshake.com/edu/events/1798767,,https://app.joinhandshake.com/edu/events/1798767
Search Smarter: Internship & Job Search Career Lab (In-Person),,,,09/16/25,9/16/25,1:00 PM,2:00 PM,N,Y ,"💻Learn the strategy, start the search. Bring your laptop for this in real-time job/internship navigation lab. You will leave this lab with a clear strategy and have started your search using UTSA’s Career Center tools and knowledge of various job boards. 

Here’s what we’ll cover:

🎯Know what you’re searching for
🔎Where to search
📋 Getting organized/tracking
✍️Live working session to start your search, get help, and apply in real time

FALL 2025 Career Lab Descriptions 

NOTE: ⏰Please arrive on time; latecomers will be encouraged to attend future labs or drop-ins.

The Career Lab Series is an  interactive hands-on learning experience. Please be ready to participate. If you would like to use a laptop during the lab, please arrive 10 minutes early and let our front desk know. For this lab, our focus is on equipping you with effective internship and job search techniques & tools, but the process of securing opportunities will ultimately depend on your own efforts and engagement.",University Career Center University Career Center SU 2.02.04,,https://app.joinhandshake.com/edu/events/1798948,,
Career Center Drop Ins (Virtual) ,,,,09/18/25,9/18/25,1:00 PM,3:00 PM,N,Y ,"Need quick career help? Stop by our drop-ins for a 15-minute chat with a Career Consultant—no appointment needed! We can help with resumes, job/internship searches, interview tips, and more.

In- Person-at the Career Center Lobby SU 2.02.04 

Virtual-Register to gain access to Zoom link

If you would like additional help, please see our website at https://careercenter.utsa.edu/ or call our front office at 210-458-4589.

Fall 2025 Drop-In Schedule: Aug 18-Dec 4

Wednesdays 11am-1pm

Thursdays 1pm-3pm",Virtual,,https://app.joinhandshake.com/edu/events/1792055,,https://app.joinhandshake.com/edu/events/1792055
Career Center Drop Ins (In-Person),,,,09/18/25,9/18/25,1:00 PM,3:00 PM,N,Y ,"Need quick career help? Stop by our drop-ins for a 15-minute chat with a Career Consultant—no appointment needed! We can help with resumes, job/internship searches, interview tips, and more.

In- Person-at the Career Center Lobby SU 2.02.04 

Virtual-Register to gain access to Zoom link

If you would like additional help, please see our website at https://careercenter.utsa.edu/ or call our front office at 210-458-4589.

Fall 2025 Drop-In Schedule: Aug 18-Dec 4

Wednesdays 11am-1pm

Thursdays 1pm-3pm",University Career Center University Career Center SU 2.02.04,,https://app.joinhandshake.com/edu/events/1792055,,
Build as You Learn: Resume & Cover Letter Career Lab (In-Person),,,,09/22/25,9/22/25,11:00 AM,12:00 PM,N,Y ,"💻Have your laptop or paper copy of your resume or cover letter ready to work in real-time + receive support. You will leave this lab with a solid draft or major improvements using UTSA’s Career Center tools and examples.

Here’s what we’ll cover:

📄Purpose of a resume 
🧱Resume structure

Sections: Contact Info, Education, Experience, Skills
Formatting tips: Consistent margins, fonts, reverse-chronological order
Bullet points: Focus on action verbs + results
🔍Review resume examples
🤖Introduce  VMock  resume features (check out our AI/VMock Labs  for a deeper dive)
🧾Purpose of a cover letter & structure
✍️Live working session to work on your resume and/or cover letter



 NOTE: ⏰Please arrive on time; latecomers will be encouraged to attend future labs or drop-ins.

The Career Lab Series is an interactive hands-on learning experience. Please be ready to participate.  If you would like to use a laptop during the lab, please arrive 10 minutes early and let our front desk know.",University Career Center University Career Center SU 2.02.04,,https://app.joinhandshake.com/edu/events/1798610,,
Search Smarter: Internship & Job Search Career Lab (Virtual),,,,09/22/25,9/22/25,1:00 PM,2:00 PM,N,Y ,"💻Learn the strategy, start the search. Bring your laptop for this in real-time job/internship navigation lab. You will leave this lab with a clear strategy and have started your search using UTSA’s Career Center tools and knowledge of various job boards. 

Here’s what we’ll cover:

🎯Know what you’re searching for
🔎Where to search
📋 Getting organized/tracking
✍️Live working session to start your search, get help, and apply in real time

FALL 2025 Career Lab Descriptions 

 NOTE: ⏰Please arrive on time; latecomers will be encouraged to attend future labs or drop-ins.

The Career Lab Series is an  interactive hands-on learning experience. Please be ready to participate. For a more engaging and professional experience, we encourage you to have your camera on—just like in most workplace settings. For this lab, our focus is on equipping you with effective internship and job search techniques & tools, but the process of securing opportunities will ultimately depend on your own efforts and engagement.",Virtual,,https://app.joinhandshake.com/edu/events/1798774,,https://app.joinhandshake.com/edu/events/1798774
Build as You Learn: Resume & Cover Letter Career Lab (Virtual),,,,09/23/25,9/23/25,11:00 AM,12:00 PM,N,Y ,"💻Have your laptop or paper copy of your resume or cover letter ready to work in real-time + receive support. You will leave this lab with a solid draft or major improvements using UTSA’s Career Center tools and examples.

Here’s what we’ll cover:

📄Purpose of a resume 
🧱Resume structure

Sections: Contact Info, Education, Experience, Skills
Formatting tips: Consistent margins, fonts, reverse-chronological order
Bullet points: Focus on action verbs + results
🔍Review resume examples
🤖Introduce  VMock  resume features (check out our AI/VMock Labs  for a deeper dive)
🧾Purpose of a cover letter & structure
✍️Live working session to work on your resume and/or cover letter



NOTE: ⏰Please arrive on time; latecomers will be encouraged to attend future labs or drop-ins. For a more engaging and professional experience, we encourage you to have your camera on—just like in most workplace settings.

The Career Lab Series is an interactive hands-on learning experience. Please be ready to participate.  ",Virtual,,https://app.joinhandshake.com/edu/events/1798898,,https://app.joinhandshake.com/edu/events/1798898
Search Smarter: Internship & Job Search Career Lab (In-Person),,,,09/23/25,9/23/25,1:00 PM,2:00 PM,N,Y ,"💻Learn the strategy, start the search. Bring your laptop for this in real-time job/internship navigation lab. You will leave this lab with a clear strategy and have started your search using UTSA’s Career Center tools and knowledge of various job boards. 

Here’s what we’ll cover:

🎯Know what you’re searching for
🔎Where to search
📋 Getting organized/tracking
✍️Live working session to start your search, get help, and apply in real time

FALL 2025 Career Lab Descriptions 

NOTE: ⏰Please arrive on time; latecomers will be encouraged to attend future labs or drop-ins.

The Career Lab Series is an  interactive hands-on learning experience. Please be ready to participate. If you would like to use a laptop during the lab, please arrive 10 minutes early and let our front desk know. For this lab, our focus is on equipping you with effective internship and job search techniques & tools, but the process of securing opportunities will ultimately depend on your own efforts and engagement.",University Career Center University Career Center SU 2.02.04,,https://app.joinhandshake.com/edu/events/1798955,,
International Student: Job/Internship Searching Career Lab,,,,09/23/25,9/23/25,2:30 PM,3:30 PM,N,Y ,"Are you an international student needing guidance on job/internship searching? 

The University Career Center is hosting an interactive in-depth lab that will walk you through how to utilize one of our platforms, Interstride, which supports international students in their job/internship search. We will also discuss the process of finding employment on-campus. 

This will be in the University Career Center located in the Student Union 2.02.04.

It is limited seating, so make sure to RSVP!",University Career Center University Career Center SU 2.02.04,,https://app.joinhandshake.com/edu/events/1749290,,
Career Center Drop Ins (Virtual) ,,,,09/24/25,9/24/25,11:00 AM,1:00 PM,N,Y ,"Need quick career help? Stop by our drop-ins for a 15-minute chat with a Career Consultant—no appointment needed! We can help with resumes, job/internship searches, interview tips, and more.

In- Person-at the Career Center Lobby SU 2.02.04 

Virtual-Register to gain access to Zoom link

If you would like additional help, please see our website at https://careercenter.utsa.edu/ or call our front office at 210-458-4589.

Fall 2025 Drop-In Schedule: Aug 18-Dec 4

Wednesdays 11am-1pm

Thursdays 1pm-3pm",Virtual,,https://app.joinhandshake.com/edu/events/1792011,,https://app.joinhandshake.com/edu/events/1792011
Career Center Drop Ins (In-Person),,,,09/24/25,9/24/25,11:00 AM,1:00 PM,N,Y ,"Need quick career help? Stop by our drop-ins for a 15-minute chat with a Career Consultant—no appointment needed! We can help with resumes, job/internship searches, interview tips, and more.

In- Person-at the Career Center Lobby SU 2.02.04 

Virtual-Register to gain access to Zoom link

If you would like additional help, please see our website at https://careercenter.utsa.edu/ or call our front office at 210-458-4589.

Fall 2025 Drop-In Schedule: Aug 18-Dec 4

Wednesdays 11am-1pm

Thursdays 1pm-3pm",University Career Center University Career Center SU 2.02.04,,https://app.joinhandshake.com/edu/events/1792011,,
Prescribe Your Path: Steps Toward a Health Profession Career Lab (In-Person) ,,,,09/25/25,9/25/25,11:00 AM,12:00 PM,N,Y ,"🩺This Health Professions Lab is designed to give you a foundational overview and help you make informed decisions about your next steps. Whether you’re just beginning to explore a career in healthcare or you are already committed to a specific path, this Health Professions Lab will help you understand key steps on how to prepare academically and professionally as well as learn about key resources & support to help you succeed. 



Here’s what we’ll cover:

🔍 What is the Health Professions Office ?
🏥 Exploring careers in the medical field
✅ Understanding prerequisites for program(s) of interest
🔗 How to engage in Health Profession events & connect with Health Profession Student Organizations
💉 How to gain shadowing, volunteering, and clinical experiences
🗓️ Plan for application deadlines



NOTE: ⏰Please arrive on time. Latecomers will be encouraged to attend future Health Profession Labs. See Handshake Events for future lab dates.  This lab will not cover in-depth specific pathways or specific classes that you will need to take. The resources provided in this lab will help you navigate necessary information then empower you to direct your questions to the appropriate departments. ",University Career Center University Career Center SU 2.02.04,,https://app.joinhandshake.com/edu/events/1793886,,
Should I Change My Major? Career Lab (Hybrid) ,,,,09/25/25,9/25/25,12:00 PM,1:00 PM,N,Y ,"Considering changing your major? Need help understanding what you career pathways align with your major to make a more informed decision?

Here’s a summary of what we’ll cover:

📅Important Timelines  
💰Financial Aid Concerns
⛺Exploring Majors

Majors & Programs
Career Assessment 
👀Career Development Info

Career Ready Maps
What Can I Do With This Major?
Roadrunner Career Navigator
🙍‍♀️Who To Talk To

Career Consultants
Academic Advisor
Alumni
🚨Academic Advising Info

What If?
Change of Major Request

✍️Live working session. Please bring your laptop or tablet to access the resources being covered in this lab.

🔗 Open to current UTSA Students 

 NOTE: ⏰Please arrive on time; latecomers will be encouraged to attend future labs or drop-ins.

The Career Lab Series is an interactive hands-on learning experience. Please be ready to participate.  If you would like to use a laptop during the lab, please arrive 10 minutes early and let our front desk know.",Hybrid,,https://app.joinhandshake.com/edu/events/1778455,,https://app.joinhandshake.com/edu/events/1778455
Career Center Drop Ins (Virtual) ,,,,09/25/25,9/25/25,1:00 PM,3:00 PM,N,Y ,"Need quick career help? Stop by our drop-ins for a 15-minute chat with a Career Consultant—no appointment needed! We can help with resumes, job/internship searches, interview tips, and more.

In- Person-at the Career Center Lobby SU 2.02.04 

Virtual-Register to gain access to Zoom link

If you would like additional help, please see our website at https://careercenter.utsa.edu/ or call our front office at 210-458-4589.

Fall 2025 Drop-In Schedule: Aug 18-Dec 4

Wednesdays 11am-1pm

Thursdays 1pm-3pm",Virtual,,https://app.joinhandshake.com/edu/events/1792059,,https://app.joinhandshake.com/edu/events/1792059
Career Center Drop Ins (In-Person),,,,09/25/25,9/25/25,1:00 PM,3:00 PM,N,Y ,"Need quick career help? Stop by our drop-ins for a 15-minute chat with a Career Consultant—no appointment needed! We can help with resumes, job/internship searches, interview tips, and more.

In- Person-at the Career Center Lobby SU 2.02.04 

Virtual-Register to gain access to Zoom link

If you would like additional help, please see our website at https://careercenter.utsa.edu/ or call our front office at 210-458-4589.

Fall 2025 Drop-In Schedule: Aug 18-Dec 4

Wednesdays 11am-1pm

Thursdays 1pm-3pm",University Career Center University Career Center SU 2.02.04,,https://app.joinhandshake.com/edu/events/1792059,,
Building Your Future on LinkedIn -  In-person Career Specialty Lab ,,,,09/26/25,9/26/25,10:00 AM,11:00 AM,N,Y ,"Are you making the most of LinkedIn as a college student?

In just 50 minutes, this hands-on, in-person lab will show you how to turn LinkedIn into your career launchpad. 

You’ll discover:

Why LinkedIn is a must-have tool for career growth and networking
How to build a standout profile (including a professional photo from our Iris booth if you attend in person)
Smart ways to connect with alumni, industry leaders, and your personal network
The difference between connecting and following—and when to use each
How to research companies, groups, and opportunities for internships or jobs
Strategies to craft a personal brand that gets noticed",University Career Center University Career Center SU 2.02.04,,https://app.joinhandshake.com/edu/events/1795984,,
Build as You Learn: Resume & Cover Letter Career Lab (In-Person),,,,09/29/25,9/29/25,11:00 AM,12:00 PM,N,Y ,"💻Have your laptop or paper copy of your resume or cover letter ready to work in real-time + receive support. You will leave this lab with a solid draft or major improvements using UTSA’s Career Center tools and examples.

Here’s what we’ll cover:

📄Purpose of a resume 
🧱Resume structure

Sections: Contact Info, Education, Experience, Skills
Formatting tips: Consistent margins, fonts, reverse-chronological order
Bullet points: Focus on action verbs + results
🔍Review resume examples
🤖Introduce  VMock  resume features (check out our AI/VMock Labs  for a deeper dive)
🧾Purpose of a cover letter & structure
✍️Live working session to work on your resume and/or cover letter



 NOTE: ⏰Please arrive on time; latecomers will be encouraged to attend future labs or drop-ins.

The Career Lab Series is an interactive hands-on learning experience. Please be ready to participate.  If you would like to use a laptop during the lab, please arrive 10 minutes early and let our front desk know.",University Career Center University Career Center SU 2.02.04,,https://app.joinhandshake.com/edu/events/1798611,,
Search Smarter: Internship & Job Search Career Lab (Virtual),,,,09/29/25,9/29/25,1:00 PM,2:00 PM,N,Y ,"💻Learn the strategy, start the search. Bring your laptop for this in real-time job/internship navigation lab. You will leave this lab with a clear strategy and have started your search using UTSA’s Career Center tools and knowledge of various job boards. 

Here’s what we’ll cover:

🎯Know what you’re searching for
🔎Where to search
📋 Getting organized/tracking
✍️Live working session to start your search, get help, and apply in real time

FALL 2025 Career Lab Descriptions 

 NOTE: ⏰Please arrive on time; latecomers will be encouraged to attend future labs or drop-ins.

The Career Lab Series is an  interactive hands-on learning experience. Please be ready to participate. For a more engaging and professional experience, we encourage you to have your camera on—just like in most workplace settings. For this lab, our focus is on equipping you with effective internship and job search techniques & tools, but the process of securing opportunities will ultimately depend on your own efforts and engagement.",Virtual,,https://app.joinhandshake.com/edu/events/1798802,,https://app.joinhandshake.com/edu/events/1798802
Build as You Learn: Resume & Cover Letter Career Lab (Virtual),,,,09/30/25,9/30/25,11:00 AM,12:00 PM,N,Y ,"Maximum Attendees: 20 (20 Remaining)

💻Have your laptop or paper copy of your resume or cover letter ready to work in real-time + receive support. You will leave this lab with a solid draft or major improvements using UTSA’s Career Center tools and examples.

Here’s what we’ll cover:

📄Purpose of a resume 
🧱Resume structure
Sections: Contact Info, Education, Experience, Skills
Formatting tips: Consistent margins, fonts, reverse-chronological order
Bullet points: Focus on action verbs + results
🔍Review resume examples
🤖Introduce  VMock  resume features (check out our AI/VMock Labs  for a deeper dive)
🧾Purpose of a cover letter & structure
✍️Live working session to work on your resume and/or cover letter
 

NOTE: ⏰Please arrive on time; latecomers will be encouraged to attend future labs or drop-ins. For a more engaging and professional experience, we encourage you to have your camera on—just like in most workplace settings.

The Career Lab Series is an interactive hands-on learning experience. Please be ready to participate.  ",Virtual,,https://app.joinhandshake.com/edu/events/1798902,,https://app.joinhandshake.com/edu/events/1798902
Search Smarter: Internship & Job Search Career Lab (In-Person),,,,09/30/25,9/20/25,1:00 PM,2:00 PM,N,Y ,"💻Learn the strategy, start the search. Bring your laptop for this in real-time job/internship navigation lab. You will leave this lab with a clear strategy and have started your search using UTSA’s Career Center tools and knowledge of various job boards. 

Here’s what we’ll cover:

🎯Know what you’re searching for
🔎Where to search
📋 Getting organized/tracking
✍️Live working session to start your search, get help, and apply in real time
FALL 2025 Career Lab Descriptions 

NOTE: ⏰Please arrive on time; latecomers will be encouraged to attend future labs or drop-ins.

The Career Lab Series is an  interactive hands-on learning experience. Please be ready to participate. If you would like to use a laptop during the lab, please arrive 10 minutes early and let our front desk know. For this lab, our focus is on equipping you with effective internship and job search techniques & tools, but the process of securing opportunities will ultimately depend on your own efforts and engagement.",University Career Center University Career Center SU 2.02.04,,https://app.joinhandshake.com/edu/events/1798960,,
Career Center Drop Ins (Virtual) ,,,,10/01/25,10/1/25,11:00 AM,1:00 PM,N,Y ,"Need quick career help? Stop by our drop-ins for a 15-minute chat with a Career Consultant—no appointment needed! We can help with resumes, job/internship searches, interview tips, and more.

In- Person-at the Career Center Lobby SU 2.02.04 

Virtual-Register to gain access to Zoom link

If you would like additional help, please see our website at https://careercenter.utsa.edu/ or call our front office at 210-458-4589.

Fall 2025 Drop-In Schedule: Aug 18-Dec 4

Wednesdays 11am-1pm

Thursdays 1pm-3pm",Virtual,,https://app.joinhandshake.com/edu/events/1792015,,https://app.joinhandshake.com/edu/events/1792015
Career Center Drop Ins (In-Person),,,,10/01/25,10/1/25,11:00 AM,1:00 PM,N,Y ,"Need quick career help? Stop by our drop-ins for a 15-minute chat with a Career Consultant—no appointment needed! We can help with resumes, job/internship searches, interview tips, and more.

In- Person-at the Career Center Lobby SU 2.02.04 

Virtual-Register to gain access to Zoom link

If you would like additional help, please see our website at https://careercenter.utsa.edu/ or call our front office at 210-458-4589.

Fall 2025 Drop-In Schedule: Aug 18-Dec 4

Wednesdays 11am-1pm

Thursdays 1pm-3pm",University Career Center University Career Center SU 2.02.04,,https://app.joinhandshake.com/edu/events/1792015,,
,,,,,,,,,,,,,,,
Career Center Drop Ins (Virtual) ,,,,10/02/25,10/2/25,1:00 PM,3:00 PM,N,Y ,"Need quick career help? Stop by our drop-ins for a 15-minute chat with a Career Consultant—no appointment needed! We can help with resumes, job/internship searches, interview tips, and more.

In- Person-at the Career Center Lobby SU 2.02.04 

Virtual-Register to gain access to Zoom link

If you would like additional help, please see our website at https://careercenter.utsa.edu/ or call our front office at 210-458-4589.

Fall 2025 Drop-In Schedule: Aug 18-Dec 4

Wednesdays 11am-1pm

Thursdays 1pm-3pm",Virtual,,https://app.joinhandshake.com/edu/events/1792060,,https://app.joinhandshake.com/edu/events/1792060
Career Center Drop Ins (In-Person),,,,10/02/25,10/2/25,1:00 PM,3:00 PM,N,Y ,"Need quick career help? Stop by our drop-ins for a 15-minute chat with a Career Consultant—no appointment needed! We can help with resumes, job/internship searches, interview tips, and more.

In- Person-at the Career Center Lobby SU 2.02.04 

Virtual-Register to gain access to Zoom link

If you would like additional help, please see our website at https://careercenter.utsa.edu/ or call our front office at 210-458-4589.

Fall 2025 Drop-In Schedule: Aug 18-Dec 4

Wednesdays 11am-1pm

Thursdays 1pm-3pm",University Career Center University Career Center SU 2.02.04,,https://app.joinhandshake.com/edu/events/1792060,,
Build as You Learn: Resume & Cover Letter Career Lab (In-Person),,,,10/06/25,10/6/25,11:00 AM,12:00 PM,N,Y ,"💻Have your laptop or paper copy of your resume or cover letter ready to work in real-time + receive support. You will leave this lab with a solid draft or major improvements using UTSA’s Career Center tools and examples.

Here’s what we’ll cover:

📄Purpose of a resume 
🧱Resume structure

Sections: Contact Info, Education, Experience, Skills
Formatting tips: Consistent margins, fonts, reverse-chronological order
Bullet points: Focus on action verbs + results
🔍Review resume examples
🤖Introduce  VMock  resume features (check out our AI/VMock Labs  for a deeper dive)
🧾Purpose of a cover letter & structure
✍️Live working session to work on your resume and/or cover letter



 NOTE: ⏰Please arrive on time; latecomers will be encouraged to attend future labs or drop-ins.

The Career Lab Series is an interactive hands-on learning experience. Please be ready to participate.  If you would like to use a laptop during the lab, please arrive 10 minutes early and let our front desk know.",University Career Center University Career Center SU 2.02.04,,https://app.joinhandshake.com/edu/events/1798615,,
Search Smarter: Internship & Job Search Career Lab (Virtual),,,,10/06/25,10/6/25,1:00 PM,2:00 PM,N,Y ,"💻Learn the strategy, start the search. Bring your laptop for this in real-time job/internship navigation lab. You will leave this lab with a clear strategy and have started your search using UTSA’s Career Center tools and knowledge of various job boards. 

Here’s what we’ll cover:

🎯Know what you’re searching for
🔎Where to search
📋 Getting organized/tracking
✍️Live working session to start your search, get help, and apply in real time

FALL 2025 Career Lab Descriptions 

 NOTE: ⏰Please arrive on time; latecomers will be encouraged to attend future labs or drop-ins.

The Career Lab Series is an  interactive hands-on learning experience. Please be ready to participate. For a more engaging and professional experience, we encourage you to have your camera on—just like in most workplace settings. For this lab, our focus is on equipping you with effective internship and job search techniques & tools, but the process of securing opportunities will ultimately depend on your own efforts and engagement.",Virtual ,,https://app.joinhandshake.com/edu/events/1798805,,https://app.joinhandshake.com/edu/events/1798805
Build as You Learn: Resume & Cover Letter Career Lab (Virtual),,,,10/07/25,10/7/25,11:00 AM,12:00 PM,N,Y ,"💻Have your laptop or paper copy of your resume or cover letter ready to work in real-time + receive support. You will leave this lab with a solid draft or major improvements using UTSA’s Career Center tools and examples.

Here’s what we’ll cover:

📄Purpose of a resume 
🧱Resume structure

Sections: Contact Info, Education, Experience, Skills
Formatting tips: Consistent margins, fonts, reverse-chronological order
Bullet points: Focus on action verbs + results
🔍Review resume examples
🤖Introduce  VMock  resume features (check out our AI/VMock Labs  for a deeper dive)
🧾Purpose of a cover letter & structure
✍️Live working session to work on your resume and/or cover letter



NOTE: ⏰Please arrive on time; latecomers will be encouraged to attend future labs or drop-ins. For a more engaging and professional experience, we encourage you to have your camera on—just like in most workplace settings.

The Career Lab Series is an interactive hands-on learning experience. Please be ready to participate.  ",Virtual ,,https://app.joinhandshake.com/edu/events/1798903,,https://app.joinhandshake.com/edu/events/1798903
Search Smarter: Internship & Job Search Career Lab (In-Person),,,,10/07/25,10/7/25,1:00 PM,2:00 PM,N,Y ,"💻Learn the strategy, start the search. Bring your laptop for this in real-time job/internship navigation lab. You will leave this lab with a clear strategy and have started your search using UTSA’s Career Center tools and knowledge of various job boards. 

Here’s what we’ll cover:

🎯Know what you’re searching for
🔎Where to search
📋 Getting organized/tracking
✍️Live working session to start your search, get help, and apply in real time

FALL 2025 Career Lab Descriptions 

NOTE: ⏰Please arrive on time; latecomers will be encouraged to attend future labs or drop-ins.

The Career Lab Series is an  interactive hands-on learning experience. Please be ready to participate. If you would like to use a laptop during the lab, please arrive 10 minutes early and let our front desk know. For this lab, our focus is on equipping you with effective internship and job search techniques & tools, but the process of securing opportunities will ultimately depend on your own efforts and engagement.",University Career Center University Career Center SU 2.02.04,,https://app.joinhandshake.com/edu/events/1798965,,
Career Center Drop Ins (Virtual) ,,,,10/08/25,10/8/25,11:00 AM,1:00 PM,N,Y ,"Need quick career help? Stop by our drop-ins for a 15-minute chat with a Career Consultant—no appointment needed! We can help with resumes, job/internship searches, interview tips, and more.

In- Person-at the Career Center Lobby SU 2.02.04 

Virtual-Register to gain access to Zoom link

If you would like additional help, please see our website at https://careercenter.utsa.edu/ or call our front office at 210-458-4589.

Fall 2025 Drop-In Schedule: Aug 18-Dec 4

Wednesdays 11am-1pm

Thursdays 1pm-3pm",Virtual ,,https://app.joinhandshake.com/edu/events/1792023,,https://app.joinhandshake.com/edu/events/1792023
Career Center Drop Ins (In-Person),,,,10/08/25,10/8/25,11:00 AM,1:00 PM,N,Y ,"Need quick career help? Stop by our drop-ins for a 15-minute chat with a Career Consultant—no appointment needed! We can help with resumes, job/internship searches, interview tips, and more.

In- Person-at the Career Center Lobby SU 2.02.04 

Virtual-Register to gain access to Zoom link

If you would like additional help, please see our website at https://careercenter.utsa.edu/ or call our front office at 210-458-4589.

Fall 2025 Drop-In Schedule: Aug 18-Dec 4

Wednesdays 11am-1pm

Thursdays 1pm-3pm",University Career Center University Career Center SU 2.02.04,,https://app.joinhandshake.com/edu/events/1792023,,
Getting Started on Networking Using VMock (AI),,,,10/08/25,10/8/25,1:00 PM,2:00 PM,N,Y ,"Networking is one of the best strategies for finding jobs! But where do you start? Join us as we explore the basics of networking and how to get started using VMocks Aspire (LinkedIn) feature.

Here is what we will cover:

Basics of Networking
Marketing Yourself on LinkedIn
Tailoring Your LinkedIn Using VMock

Note: Be prepared to engage and please arrive on time; latecomers will be encouraged to attend future labs or drop-ins. If you would like to borrow a laptop for the lab, please arrive 10 minutes early and let our front desk know.",University Career Center University Career Center SU 2.02.04,,https://app.joinhandshake.com/edu/events/1795994,,
Career Center Drop Ins (Virtual) ,,,,10/09/25,10/9/25,1:00 PM,3:00 PM,N,Y ,"Need quick career help? Stop by our drop-ins for a 15-minute chat with a Career Consultant—no appointment needed! We can help with resumes, job/internship searches, interview tips, and more.

In- Person-at the Career Center Lobby SU 2.02.04 

Virtual-Register to gain access to Zoom link

If you would like additional help, please see our website at https://careercenter.utsa.edu/ or call our front office at 210-458-4589.

Fall 2025 Drop-In Schedule: Aug 18-Dec 4

Wednesdays 11am-1pm

Thursdays 1pm-3pm",Virtual ,,https://app.joinhandshake.com/edu/events/1792063,,https://app.joinhandshake.com/edu/events/1792063
Career Center Drop Ins (In-Person),,,,10/09/25,10/9/25,1:00 PM,3:00 PM,N,Y ,"Need quick career help? Stop by our drop-ins for a 15-minute chat with a Career Consultant—no appointment needed! We can help with resumes, job/internship searches, interview tips, and more.

In- Person-at the Career Center Lobby SU 2.02.04 

Virtual-Register to gain access to Zoom link

If you would like additional help, please see our website at https://careercenter.utsa.edu/ or call our front office at 210-458-4589.

Fall 2025 Drop-In Schedule: Aug 18-Dec 4

Wednesdays 11am-1pm

Thursdays 1pm-3pm",University Career Center University Career Center SU 2.02.04,,https://app.joinhandshake.com/edu/events/1792063,,
Build as You Learn: Resume & Cover Letter Career Lab (In-Person),,,,10/13/25,10/13/25,11:00 AM,12:00 AM,N,Y ,"💻Have your laptop or paper copy of your resume or cover letter ready to work in real-time + receive support. You will leave this lab with a solid draft or major improvements using UTSA’s Career Center tools and examples.

Here’s what we’ll cover:

📄Purpose of a resume 
🧱Resume structure

Sections: Contact Info, Education, Experience, Skills
Formatting tips: Consistent margins, fonts, reverse-chronological order
Bullet points: Focus on action verbs + results
🔍Review resume examples
🤖Introduce  VMock  resume features (check out our AI/VMock Labs  for a deeper dive)
🧾Purpose of a cover letter & structure
✍️Live working session to work on your resume and/or cover letter



 NOTE: ⏰Please arrive on time; latecomers will be encouraged to attend future labs or drop-ins.

The Career Lab Series is an interactive hands-on learning experience. Please be ready to participate.  If you would like to use a laptop during the lab, please arrive 10 minutes early and let our front desk know.",University Career Center University Career Center SU 2.02.04,,https://app.joinhandshake.com/edu/events/1798620,,
Search Smarter: Internship & Job Search Career Lab (Virtual),,,,10/13/25,10/13/25,1:00 PM,2:00 PM,N,Y ,"💻Learn the strategy, start the search. Bring your laptop for this in real-time job/internship navigation lab. You will leave this lab with a clear strategy and have started your search using UTSA’s Career Center tools and knowledge of various job boards. 

Here’s what we’ll cover:

🎯Know what you’re searching for
🔎Where to search
📋 Getting organized/tracking
✍️Live working session to start your search, get help, and apply in real time

FALL 2025 Career Lab Descriptions 

 NOTE: ⏰Please arrive on time; latecomers will be encouraged to attend future labs or drop-ins.

The Career Lab Series is an  interactive hands-on learning experience. Please be ready to participate. For a more engaging and professional experience, we encourage you to have your camera on—just like in most workplace settings. For this lab, our focus is on equipping you with effective internship and job search techniques & tools, but the process of securing opportunities will ultimately depend on your own efforts and engagement.",Virtual,,https://app.joinhandshake.com/edu/events/1798813,,https://app.joinhandshake.com/edu/events/1798813
Build as You Learn: Resume & Cover Letter Career Lab (Virtual),,,,10/14/25,10/14/25,11:00 AM,12:00 AM,N,Y ,"💻Have your laptop or paper copy of your resume or cover letter ready to work in real-time + receive support. You will leave this lab with a solid draft or major improvements using UTSA’s Career Center tools and examples.

Here’s what we’ll cover:

📄Purpose of a resume 
🧱Resume structure

Sections: Contact Info, Education, Experience, Skills
Formatting tips: Consistent margins, fonts, reverse-chronological order
Bullet points: Focus on action verbs + results
🔍Review resume examples
🤖Introduce  VMock  resume features (check out our AI/VMock Labs  for a deeper dive)
🧾Purpose of a cover letter & structure
✍️Live working session to work on your resume and/or cover letter



NOTE: ⏰Please arrive on time; latecomers will be encouraged to attend future labs or drop-ins. For a more engaging and professional experience, we encourage you to have your camera on—just like in most workplace settings.

The Career Lab Series is an interactive hands-on learning experience. Please be ready to participate.  ",Virtual ,,https://app.joinhandshake.com/edu/events/1798906,,https://app.joinhandshake.com/edu/events/1798906
Search Smarter: Internship & Job Search Career Lab (In-Person),,,,10/14/25,10/14/25,1:00 PM,2:00 PM,N,Y ,"💻Learn the strategy, start the search. Bring your laptop for this in real-time job/internship navigation lab. You will leave this lab with a clear strategy and have started your search using UTSA’s Career Center tools and knowledge of various job boards. 

Here’s what we’ll cover:

🎯Know what you’re searching for
🔎Where to search
📋 Getting organized/tracking
✍️Live working session to start your search, get help, and apply in real time

FALL 2025 Career Lab Descriptions 

NOTE: ⏰Please arrive on time; latecomers will be encouraged to attend future labs or drop-ins.

The Career Lab Series is an  interactive hands-on learning experience. Please be ready to participate. If you would like to use a laptop during the lab, please arrive 10 minutes early and let our front desk know. For this lab, our focus is on equipping you with effective internship and job search techniques & tools, but the process of securing opportunities will ultimately depend on your own efforts and engagement.",University Career Center University Career Center SU 2.02.04,,https://app.joinhandshake.com/edu/events/1798967,,
Career Center Drop Ins (Virtual) ,,,,10/15/25,10/15/25,11:00 AM,1:00 PM,N,Y ,"Need quick career help? Stop by our drop-ins for a 15-minute chat with a Career Consultant—no appointment needed! We can help with resumes, job/internship searches, interview tips, and more.

In- Person-at the Career Center Lobby SU 2.02.04 

Virtual-Register to gain access to Zoom link

If you would like additional help, please see our website at https://careercenter.utsa.edu/ or call our front office at 210-458-4589.

Fall 2025 Drop-In Schedule: Aug 18-Dec 4

Wednesdays 11am-1pm

Thursdays 1pm-3pm",Virtual ,,https://app.joinhandshake.com/edu/events/1792024,,https://app.joinhandshake.com/edu/events/1792024
Career Center Drop Ins (In-Person),,,,10/15/25,10/15/25,11:00 AM,1:00 PM,N,Y ,"Need quick career help? Stop by our drop-ins for a 15-minute chat with a Career Consultant—no appointment needed! We can help with resumes, job/internship searches, interview tips, and more.

In- Person-at the Career Center Lobby SU 2.02.04 

Virtual-Register to gain access to Zoom link

If you would like additional help, please see our website at https://careercenter.utsa.edu/ or call our front office at 210-458-4589.

Fall 2025 Drop-In Schedule: Aug 18-Dec 4

Wednesdays 11am-1pm

Thursdays 1pm-3pm",University Career Center University Career Center SU 2.02.04,,https://app.joinhandshake.com/edu/events/1792024,,
Prescribe Your Path: Steps Toward a Health Profession Career Lab,,,,10/15/25,10/15/25,1:00 PM,2:00 PM,N,Y ,"🩺This Health Professions Lab is designed to give you a foundational overview and help you make informed decisions about your next steps. Whether you’re just beginning to explore a career in healthcare or you are already committed to a specific path, this Health Professions Lab will help you understand key steps on how to prepare academically and professionally as well as learn about key resources & support to help you succeed. 



Here’s what we’ll cover:

🔍 What is the Health Professions Office ?
🏥 Exploring careers in the medical field
✅ Understanding prerequisites for program(s) of interest
🔗 How to engage in Health Profession events & connect with Health Profession Student Organizations
💉 How to gain shadowing, volunteering, and clinical experiences
🗓️ Plan for application deadlines



NOTE: ⏰Please arrive on time. Latecomers will be encouraged to attend future Health Profession Labs. See Handshake Events for future lab dates.  This lab will not cover in-depth specific pathways or specific classes that you will need to take. The resources provided in this lab will help you navigate necessary information then empower you to direct your questions to the appropriate departments. ",University Career Center University Career Center SU 2.02.04,,,,https://app.joinhandshake.com/edu/events/1793887
Should I Change My Major? Career Lab (Hybrid) ,,,,10/16/25,10/16/25,12:00 PM,1:00 PM,N,Y ,"Considering changing your major? Need help understanding what you career pathways align with your major to make a more informed decision?

Here’s a summary of what we’ll cover:

📅Important Timelines  
💰Financial Aid Concerns
⛺Exploring Majors

Majors & Programs
Career Assessment 
👀Career Development Info

Career Ready Maps
What Can I Do With This Major?
Roadrunner Career Navigator
🙍‍♀️Who To Talk To

Career Consultants
Academic Advisor
Alumni
🚨Academic Advising Info

What If?
Change of Major Request

✍️Live working session. Please bring your laptop or tablet to access the resources being covered in this lab.

🔗 Open to current UTSA Students 

 NOTE: ⏰Please arrive on time; latecomers will be encouraged to attend future labs or drop-ins.

The Career Lab Series is an interactive hands-on learning experience. Please be ready to participate.  If you would like to use a laptop during the lab, please arrive 10 minutes early and let our front desk know.",Hybrid,,https://app.joinhandshake.com/edu/events/1778456,,https://app.joinhandshake.com/edu/events/1778456
Career Center Drop Ins (Virtual) ,,,,10/16/25,10/16/25,1:00 PM,3:00 PM,N,Y ,"Need quick career help? Stop by our drop-ins for a 15-minute chat with a Career Consultant—no appointment needed! We can help with resumes, job/internship searches, interview tips, and more.

In- Person-at the Career Center Lobby SU 2.02.04 

Virtual-Register to gain access to Zoom link

If you would like additional help, please see our website at https://careercenter.utsa.edu/ or call our front office at 210-458-4589.

Fall 2025 Drop-In Schedule: Aug 18-Dec 4

Wednesdays 11am-1pm

Thursdays 1pm-3pm",Virtual ,,https://app.joinhandshake.com/edu/events/1792065,,https://app.joinhandshake.com/edu/events/1792065
Career Center Drop Ins (In-Person),,,,10/16/25,10/16/25,1:00 PM,3:00 PM,N,Y ,"Need quick career help? Stop by our drop-ins for a 15-minute chat with a Career Consultant—no appointment needed! We can help with resumes, job/internship searches, interview tips, and more.

In- Person-at the Career Center Lobby SU 2.02.04 

Virtual-Register to gain access to Zoom link

If you would like additional help, please see our website at https://careercenter.utsa.edu/ or call our front office at 210-458-4589.

Fall 2025 Drop-In Schedule: Aug 18-Dec 4

Wednesdays 11am-1pm

Thursdays 1pm-3pm",University Career Center University Career Center SU 2.02.04,,https://app.joinhandshake.com/edu/events/1792065,,
Building Your Future on LinkedIn - Virtual Career Specialty Lab,,,,10/17/25,10/17/25,10:00 AM,11:00 AM,N,Y ,"Are you making the most of LinkedIn as a college student?

In just 50 minutes, this hands-on lab—offered virtually—will show you how to turn LinkedIn into your career launchpad. 

You’ll discover:

Why LinkedIn is a must-have tool for career growth and networking
How to build a standout profile (including a professional photo from our Iris booth if you attend in person)
Smart ways to connect with alumni, industry leaders, and your personal network
The difference between connecting and following—and when to use each
How to research companies, groups, and opportunities for internships or jobs
Strategies to craft a personal brand that gets noticed",Virtual ,,https://app.joinhandshake.com/edu/events/1791471,,https://app.joinhandshake.com/edu/events/1791471
Build as You Learn: Resume & Cover Letter Career Lab (In-Person),,,,10/20/25,10/20/25,11:00 AM,12:00 PM,N,Y ,"💻Have your laptop or paper copy of your resume or cover letter ready to work in real-time + receive support. You will leave this lab with a solid draft or major improvements using UTSA’s Career Center tools and examples.

Here’s what we’ll cover:

📄Purpose of a resume 
🧱Resume structure

Sections: Contact Info, Education, Experience, Skills
Formatting tips: Consistent margins, fonts, reverse-chronological order
Bullet points: Focus on action verbs + results
🔍Review resume examples
🤖Introduce  VMock  resume features (check out our AI/VMock Labs  for a deeper dive)
🧾Purpose of a cover letter & structure
✍️Live working session to work on your resume and/or cover letter



 NOTE: ⏰Please arrive on time; latecomers will be encouraged to attend future labs or drop-ins.

The Career Lab Series is an interactive hands-on learning experience. Please be ready to participate.  If you would like to use a laptop during the lab, please arrive 10 minutes early and let our front desk know.",University Career Center University Career Center SU 2.02.04,,https://app.joinhandshake.com/edu/events/1798653,,
Search Smarter: Internship & Job Search Career Lab (Virtual),,,,10/20/25,10/20/25,1:00 PM,2:00 PM,N,Y ,"💻Learn the strategy, start the search. Bring your laptop for this in real-time job/internship navigation lab. You will leave this lab with a clear strategy and have started your search using UTSA’s Career Center tools and knowledge of various job boards. 

Here’s what we’ll cover:

🎯Know what you’re searching for
🔎Where to search
📋 Getting organized/tracking
✍️Live working session to start your search, get help, and apply in real time

FALL 2025 Career Lab Descriptions 

 NOTE: ⏰Please arrive on time; latecomers will be encouraged to attend future labs or drop-ins.

The Career Lab Series is an  interactive hands-on learning experience. Please be ready to participate. For a more engaging and professional experience, we encourage you to have your camera on—just like in most workplace settings. For this lab, our focus is on equipping you with effective internship and job search techniques & tools, but the process of securing opportunities will ultimately depend on your own efforts and engagement.",Virtual ,,https://app.joinhandshake.com/edu/events/1798823,,https://app.joinhandshake.com/edu/events/1798823
Build as You Learn: Resume & Cover Letter Career Lab (Virtual),,,,10/21/25,10/21/25,11:00 AM,12:00 PM,N,Y ,"💻Have your laptop or paper copy of your resume or cover letter ready to work in real-time + receive support. You will leave this lab with a solid draft or major improvements using UTSA’s Career Center tools and examples.

Here’s what we’ll cover:

📄Purpose of a resume 
🧱Resume structure

Sections: Contact Info, Education, Experience, Skills
Formatting tips: Consistent margins, fonts, reverse-chronological order
Bullet points: Focus on action verbs + results
🔍Review resume examples
🤖Introduce  VMock  resume features (check out our AI/VMock Labs  for a deeper dive)
🧾Purpose of a cover letter & structure
✍️Live working session to work on your resume and/or cover letter



NOTE: ⏰Please arrive on time; latecomers will be encouraged to attend future labs or drop-ins. For a more engaging and professional experience, we encourage you to have your camera on—just like in most workplace settings.

The Career Lab Series is an interactive hands-on learning experience. Please be ready to participate.  ",Virtual ,,https://app.joinhandshake.com/edu/events/1798911,,https://app.joinhandshake.com/edu/events/1798911
Search Smarter: Internship & Job Search Career Lab (In-Person),,,,10/21/25,10/21/25,1:00 PM,2:00 PM,N,Y ,"💻Learn the strategy, start the search. Bring your laptop for this in real-time job/internship navigation lab. You will leave this lab with a clear strategy and have started your search using UTSA’s Career Center tools and knowledge of various job boards. 

Here’s what we’ll cover:

🎯Know what you’re searching for
🔎Where to search
📋 Getting organized/tracking
✍️Live working session to start your search, get help, and apply in real time

FALL 2025 Career Lab Descriptions 

NOTE: ⏰Please arrive on time; latecomers will be encouraged to attend future labs or drop-ins.

The Career Lab Series is an  interactive hands-on learning experience. Please be ready to participate. If you would like to use a laptop during the lab, please arrive 10 minutes early and let our front desk know. For this lab, our focus is on equipping you with effective internship and job search techniques & tools, but the process of securing opportunities will ultimately depend on your own efforts and engagement.",University Career Center University Career Center SU 2.02.04,,https://app.joinhandshake.com/edu/events/1798971,,
Workplace 101: How to Stand Out in Your Internship / First Job,,,,10/21/25,10/21/25,2:00 PM,3:00 PM,N,Y ,"Join us for an engaging and practical workshop designed for any UTSA student eager to make a lasting impression in their roles. This event offers actionable insights and strategies to excel in the workplace, covering essential topics such as effective communication, building professional relationships, mastering key job skills, and demonstrating initiative. Through interactive discussions and expert tips, participants will learn how to navigate workplace dynamics, showcase their value, and lay the foundation for long-term career success. Perfect for those looking to turn their internship or first job into a stepping stone for future opportunities!",University Career Center University Career Center SU 2.02.04,,https://app.joinhandshake.com/edu/events/1790012,,
Career Center Drop Ins (Virtual) ,,,,10/22/25,10/22/25,11:00 AM,1:00 PM,N,Y ,"Need quick career help? Stop by our drop-ins for a 15-minute chat with a Career Consultant—no appointment needed! We can help with resumes, job/internship searches, interview tips, and more.

In- Person-at the Career Center Lobby SU 2.02.04 

Virtual-Register to gain access to Zoom link

If you would like additional help, please see our website at https://careercenter.utsa.edu/ or call our front office at 210-458-4589.

Fall 2025 Drop-In Schedule: Aug 18-Dec 4

Wednesdays 11am-1pm

Thursdays 1pm-3pm",Virtual ,,https://app.joinhandshake.com/edu/events/1792026,,https://app.joinhandshake.com/edu/events/1792026
Career Center Drop Ins (In-Person),,,,10/22/25,10/22/25,11:00 AM,1:00 PM,N,Y ,"Need quick career help? Stop by our drop-ins for a 15-minute chat with a Career Consultant—no appointment needed! We can help with resumes, job/internship searches, interview tips, and more.

In- Person-at the Career Center Lobby SU 2.02.04 

Virtual-Register to gain access to Zoom link

If you would like additional help, please see our website at https://careercenter.utsa.edu/ or call our front office at 210-458-4589.

Fall 2025 Drop-In Schedule: Aug 18-Dec 4

Wednesdays 11am-1pm

Thursdays 1pm-3pm",University Career Center University Career Center SU 2.02.04,,https://app.joinhandshake.com/edu/events/1792026,,
Career Center Drop Ins (Virtual) ,,,,10/23/25,10/23/25,1:00 PM,3:00 PM,N,Y ,"Need quick career help? Stop by our drop-ins for a 15-minute chat with a Career Consultant—no appointment needed! We can help with resumes, job/internship searches, interview tips, and more.

In- Person-at the Career Center Lobby SU 2.02.04 

Virtual-Register to gain access to Zoom link

If you would like additional help, please see our website at https://careercenter.utsa.edu/ or call our front office at 210-458-4589.

Fall 2025 Drop-In Schedule: Aug 18-Dec 4

Wednesdays 11am-1pm

Thursdays 1pm-3pm",Virtual ,,https://app.joinhandshake.com/edu/events/1792067,,https://app.joinhandshake.com/edu/events/1792067
Career Center Drop Ins (In-Person),,,,10/23/25,10/23/25,1:00 PM,3:00 PM,N,Y ,"Need quick career help? Stop by our drop-ins for a 15-minute chat with a Career Consultant—no appointment needed! We can help with resumes, job/internship searches, interview tips, and more.

In- Person-at the Career Center Lobby SU 2.02.04 

Virtual-Register to gain access to Zoom link

If you would like additional help, please see our website at https://careercenter.utsa.edu/ or call our front office at 210-458-4589.

Fall 2025 Drop-In Schedule: Aug 18-Dec 4

Wednesdays 11am-1pm

Thursdays 1pm-3pm",University Career Center University Career Center SU 2.02.04,,https://app.joinhandshake.com/edu/events/1792067,,
Build as You Learn: Resume & Cover Letter Career Lab (In-Person),,,,10/27/25,10/27/25,11:00 AM,12:00 PM,N,Y ,"💻Have your laptop or paper copy of your resume or cover letter ready to work in real-time + receive support. You will leave this lab with a solid draft or major improvements using UTSA’s Career Center tools and examples.

Here’s what we’ll cover:

📄Purpose of a resume 
🧱Resume structure

Sections: Contact Info, Education, Experience, Skills
Formatting tips: Consistent margins, fonts, reverse-chronological order
Bullet points: Focus on action verbs + results
🔍Review resume examples
🤖Introduce  VMock  resume features (check out our AI/VMock Labs  for a deeper dive)
🧾Purpose of a cover letter & structure
✍️Live working session to work on your resume and/or cover letter



 NOTE: ⏰Please arrive on time; latecomers will be encouraged to attend future labs or drop-ins.

The Career Lab Series is an interactive hands-on learning experience. Please be ready to participate.  If you would like to use a laptop during the lab, please arrive 10 minutes early and let our front desk know.",University Career Center University Career Center SU 2.02.04,,https://app.joinhandshake.com/edu/events/1798656,,
Search Smarter: Internship & Job Search Career Lab (Virtual),,,,10/27/25,10/27/25,1:00 PM,2:00 PM,N,Y ,"💻Learn the strategy, start the search. Bring your laptop for this in real-time job/internship navigation lab. You will leave this lab with a clear strategy and have started your search using UTSA’s Career Center tools and knowledge of various job boards. 

Here’s what we’ll cover:

🎯Know what you’re searching for
🔎Where to search
📋 Getting organized/tracking
✍️Live working session to start your search, get help, and apply in real time

FALL 2025 Career Lab Descriptions 

 NOTE: ⏰Please arrive on time; latecomers will be encouraged to attend future labs or drop-ins.

The Career Lab Series is an  interactive hands-on learning experience. Please be ready to participate. For a more engaging and professional experience, we encourage you to have your camera on—just like in most workplace settings. For this lab, our focus is on equipping you with effective internship and job search techniques & tools, but the process of securing opportunities will ultimately depend on your own efforts and engagement.",Virtual ,,https://app.joinhandshake.com/edu/events/1798836,,https://app.joinhandshake.com/edu/events/1798836
Build as You Learn: Resume & Cover Letter Career Lab (Virtual),,,,10/28/25,10/28/25,11:00 AM,12:00 PM,N,Y ,"💻Have your laptop or paper copy of your resume or cover letter ready to work in real-time + receive support. You will leave this lab with a solid draft or major improvements using UTSA’s Career Center tools and examples.

Here’s what we’ll cover:

📄Purpose of a resume 
🧱Resume structure

Sections: Contact Info, Education, Experience, Skills
Formatting tips: Consistent margins, fonts, reverse-chronological order
Bullet points: Focus on action verbs + results
🔍Review resume examples
🤖Introduce  VMock  resume features (check out our AI/VMock Labs  for a deeper dive)
🧾Purpose of a cover letter & structure
✍️Live working session to work on your resume and/or cover letter



NOTE: ⏰Please arrive on time; latecomers will be encouraged to attend future labs or drop-ins. For a more engaging and professional experience, we encourage you to have your camera on—just like in most workplace settings.

The Career Lab Series is an interactive hands-on learning experience. Please be ready to participate.  ",Virtual ,,https://app.joinhandshake.com/edu/events/1798914,,https://app.joinhandshake.com/edu/events/1798914
Search Smarter: Internship & Job Search Career Lab (In-Person),,,,10/28/25,10/28/25,1:00 PM,2:00 PM,N,Y ,"💻Learn the strategy, start the search. Bring your laptop for this in real-time job/internship navigation lab. You will leave this lab with a clear strategy and have started your search using UTSA’s Career Center tools and knowledge of various job boards. 

Here’s what we’ll cover:

🎯Know what you’re searching for
🔎Where to search
📋 Getting organized/tracking
✍️Live working session to start your search, get help, and apply in real time

FALL 2025 Career Lab Descriptions 

NOTE: ⏰Please arrive on time; latecomers will be encouraged to attend future labs or drop-ins.

The Career Lab Series is an  interactive hands-on learning experience. Please be ready to participate. If you would like to use a laptop during the lab, please arrive 10 minutes early and let our front desk know. For this lab, our focus is on equipping you with effective internship and job search techniques & tools, but the process of securing opportunities will ultimately depend on your own efforts and engagement.",University Career Center University Career Center SU 2.02.04,,https://app.joinhandshake.com/edu/events/1798975,,
Career Center Drop Ins (Virtual) ,,,,10/29/25,10/29/25,11:00 AM,1:00 PM,N,Y ,"Need quick career help? Stop by our drop-ins for a 15-minute chat with a Career Consultant—no appointment needed! We can help with resumes, job/internship searches, interview tips, and more.

In- Person-at the Career Center Lobby SU 2.02.04 

Virtual-Register to gain access to Zoom link

If you would like additional help, please see our website at https://careercenter.utsa.edu/ or call our front office at 210-458-4589.

Fall 2025 Drop-In Schedule: Aug 18-Dec 4

Wednesdays 11am-1pm

Thursdays 1pm-3pm",Virtual ,,https://app.joinhandshake.com/edu/events/1792030,,https://app.joinhandshake.com/edu/events/1792030
Career Center Drop Ins (In-Person),,,,10/29/25,10/29/25,11:00 AM,1:00 PM,N,Y ,"Need quick career help? Stop by our drop-ins for a 15-minute chat with a Career Consultant—no appointment needed! We can help with resumes, job/internship searches, interview tips, and more.

In- Person-at the Career Center Lobby SU 2.02.04 

Virtual-Register to gain access to Zoom link

If you would like additional help, please see our website at https://careercenter.utsa.edu/ or call our front office at 210-458-4589.

Fall 2025 Drop-In Schedule: Aug 18-Dec 4

Wednesdays 11am-1pm

Thursdays 1pm-3pm",University Career Center University Career Center SU 2.02.04,,https://app.joinhandshake.com/edu/events/1792030,,
Should I Change My Major? Career Lab (Hybrid) ,,,,10/29/25,10/29/25,12:00 PM,1:00 PM,N,Y ,"Considering changing your major? Need help understanding what you career pathways align with your major to make a more informed decision?

Here’s a summary of what we’ll cover:

📅Important Timelines  
💰Financial Aid Concerns
⛺Exploring Majors

Majors & Programs
Career Assessment 
👀Career Development Info

Career Ready Maps
What Can I Do With This Major?
Roadrunner Career Navigator
🙍‍♀️Who To Talk To

Career Consultants
Academic Advisor
Alumni
🚨Academic Advising Info

What If?
Change of Major Request

✍️Live working session. Please bring your laptop or tablet to access the resources being covered in this lab.

🔗 Open to current UTSA Students 

 NOTE: ⏰Please arrive on time; latecomers will be encouraged to attend future labs or drop-ins.

The Career Lab Series is an interactive hands-on learning experience. Please be ready to participate.  If you would like to use a laptop during the lab, please arrive 10 minutes early and let our front desk know.",Hybrid,,https://app.joinhandshake.com/edu/events/1778457,,
International Student - Job/Internship Searching Career Lab,,,,10/29/25,10/29/25,2:30 PM,3:30 PM,N,Y ,"Are you an international student needing guidance on job/internship searching? 

The University Career Center is hosting an interactive in-depth lab that will walk you through how to utilize one of our platforms, Interstride, which supports international students in their job/internship search. We will also discuss the process of finding employment on-campus. 

This will be in the University Career Center located in the Student Union 2.02.04.

It is limited seating, so make sure to RSVP!",University Career Center University Career Center SU 2.02.04,,https://app.joinhandshake.com/edu/events/1749293,,
Career Center Drop Ins (Virtual) ,,,,10/30/25,10/30/25,1:00 PM,3:00 PM,N,Y ,"Need quick career help? Stop by our drop-ins for a 15-minute chat with a Career Consultant—no appointment needed! We can help with resumes, job/internship searches, interview tips, and more.

In- Person-at the Career Center Lobby SU 2.02.04 

Virtual-Register to gain access to Zoom link

If you would like additional help, please see our website at https://careercenter.utsa.edu/ or call our front office at 210-458-4589.

Fall 2025 Drop-In Schedule: Aug 18-Dec 4

Wednesdays 11am-1pm

Thursdays 1pm-3pm",Virtual ,,https://app.joinhandshake.com/edu/events/1792072,,https://app.joinhandshake.com/edu/events/1792072
Career Center Drop Ins (In-Person),,,,10/30/25,10/30/25,1:00 PM,3:00 PM,N,Y ,"Need quick career help? Stop by our drop-ins for a 15-minute chat with a Career Consultant—no appointment needed! We can help with resumes, job/internship searches, interview tips, and more.

In- Person-at the Career Center Lobby SU 2.02.04 

Virtual-Register to gain access to Zoom link

If you would like additional help, please see our website at https://careercenter.utsa.edu/ or call our front office at 210-458-4589.

Fall 2025 Drop-In Schedule: Aug 18-Dec 4

Wednesdays 11am-1pm

Thursdays 1pm-3pm",University Career Center University Career Center SU 2.02.04,,https://app.joinhandshake.com/edu/events/1792072,,
Build as You Learn: Resume & Cover Letter Career Lab (In-Person),,,,11/03/25,11/3/25,11:00 AM,12:00 PM,,,"💻Have your laptop or paper copy of your resume or cover letter ready to work in real-time + receive support. You will leave this lab with a solid draft or major improvements using UTSA’s Career Center tools and examples.

Here’s what we’ll cover:

📄Purpose of a resume 
🧱Resume structure

Sections: Contact Info, Education, Experience, Skills
Formatting tips: Consistent margins, fonts, reverse-chronological order
Bullet points: Focus on action verbs + results
🔍Review resume examples
🤖Introduce  VMock  resume features (check out our AI/VMock Labs  for a deeper dive)
🧾Purpose of a cover letter & structure
✍️Live working session to work on your resume and/or cover letter



 NOTE: ⏰Please arrive on time; latecomers will be encouraged to attend future labs or drop-ins.

The Career Lab Series is an interactive hands-on learning experience. Please be ready to participate.  If you would like to use a laptop during the lab, please arrive 10 minutes early and let our front desk know.",University Career Center University Career Center SU 2.02.04,,https://app.joinhandshake.com/edu/events/1798669,,
Search Smarter: Internship & Job Search Career Lab (Virtual),,,,11/03/25,11/3/25,1:00 PM,2:00 PM,,,"💻Learn the strategy, start the search. Bring your laptop for this in real-time job/internship navigation lab. You will leave this lab with a clear strategy and have started your search using UTSA’s Career Center tools and knowledge of various job boards. 

Here’s what we’ll cover:

🎯Know what you’re searching for
🔎Where to search
📋 Getting organized/tracking
✍️Live working session to start your search, get help, and apply in real time

FALL 2025 Career Lab Descriptions 

 NOTE: ⏰Please arrive on time; latecomers will be encouraged to attend future labs or drop-ins.

The Career Lab Series is an  interactive hands-on learning experience. Please be ready to participate. For a more engaging and professional experience, we encourage you to have your camera on—just like in most workplace settings. For this lab, our focus is on equipping you with effective internship and job search techniques & tools, but the process of securing opportunities will ultimately depend on your own efforts and engagement.",Virtual ,,https://app.joinhandshake.com/edu/events/1798851,,https://app.joinhandshake.com/edu/events/1798851
Build as You Learn: Resume & Cover Letter Career Lab (Virtual),,,,11/04/25,11/4/25,11:00 AM,12:00 PM,,,"💻Have your laptop or paper copy of your resume or cover letter ready to work in real-time + receive support. You will leave this lab with a solid draft or major improvements using UTSA’s Career Center tools and examples.

Here’s what we’ll cover:

📄Purpose of a resume 
🧱Resume structure

Sections: Contact Info, Education, Experience, Skills
Formatting tips: Consistent margins, fonts, reverse-chronological order
Bullet points: Focus on action verbs + results
🔍Review resume examples
🤖Introduce  VMock  resume features (check out our AI/VMock Labs  for a deeper dive)
🧾Purpose of a cover letter & structure
✍️Live working session to work on your resume and/or cover letter



NOTE: ⏰Please arrive on time; latecomers will be encouraged to attend future labs or drop-ins. For a more engaging and professional experience, we encourage you to have your camera on—just like in most workplace settings.

The Career Lab Series is an interactive hands-on learning experience. Please be ready to participate.  ",Virtual ,,https://app.joinhandshake.com/edu/events/1798916,,https://app.joinhandshake.com/edu/events/1798916
Search Smarter: Internship & Job Search Career Lab (In-Person),,,,11/04/25,11/4/25,1:00 PM,2:00 PM,,,"💻Learn the strategy, start the search. Bring your laptop for this in real-time job/internship navigation lab. You will leave this lab with a clear strategy and have started your search using UTSA’s Career Center tools and knowledge of various job boards. 

Here’s what we’ll cover:

🎯Know what you’re searching for
🔎Where to search
📋 Getting organized/tracking
✍️Live working session to start your search, get help, and apply in real time

FALL 2025 Career Lab Descriptions 

NOTE: ⏰Please arrive on time; latecomers will be encouraged to attend future labs or drop-ins.

The Career Lab Series is an  interactive hands-on learning experience. Please be ready to participate. If you would like to use a laptop during the lab, please arrive 10 minutes early and let our front desk know. For this lab, our focus is on equipping you with effective internship and job search techniques & tools, but the process of securing opportunities will ultimately depend on your own efforts and engagement.",University Career Center University Career Center SU 2.02.04,,https://app.joinhandshake.com/edu/events/1798982,,
Workplace 101: How to Stand Out in Your Internship / First Job,,,,11/04/25,11/4/25,2:00 PM,3:00 PM,,,"Join us for an engaging and practical workshop designed for any UTSA student eager to make a lasting impression in their roles. This event offers actionable insights and strategies to excel in the workplace, covering essential topics such as effective communication, building professional relationships, mastering key job skills, and demonstrating initiative. Through interactive discussions and expert tips, participants will learn how to navigate workplace dynamics, showcase their value, and lay the foundation for long-term career success. Perfect for those looking to turn their internship or first job into a stepping stone for future opportunities!",University Career Center University Career Center SU 2.02.04,,https://app.joinhandshake.com/edu/events/1790016,,
Career Center Drop Ins (Virtual) ,,,,11/05/25,11/5/25,11:00 AM,1:00 PM,,,"Need quick career help? Stop by our drop-ins for a 15-minute chat with a Career Consultant—no appointment needed! We can help with resumes, job/internship searches, interview tips, and more.

In- Person-at the Career Center Lobby SU 2.02.04 

Virtual-Register to gain access to Zoom link

If you would like additional help, please see our website at https://careercenter.utsa.edu/ or call our front office at 210-458-4589.

Fall 2025 Drop-In Schedule: Aug 18-Dec 4

Wednesdays 11am-1pm

Thursdays 1pm-3pm",Virtual ,,https://app.joinhandshake.com/edu/events/1792036,,https://app.joinhandshake.com/edu/events/1792036
Career Center Drop Ins (In-Person),,,,11/05/25,11/5/25,11:00 AM,1:00 PM,,,"Need quick career help? Stop by our drop-ins for a 15-minute chat with a Career Consultant—no appointment needed! We can help with resumes, job/internship searches, interview tips, and more.

In- Person-at the Career Center Lobby SU 2.02.04 

Virtual-Register to gain access to Zoom link

If you would like additional help, please see our website at https://careercenter.utsa.edu/ or call our front office at 210-458-4589.

Fall 2025 Drop-In Schedule: Aug 18-Dec 4

Wednesdays 11am-1pm

Thursdays 1pm-3pm",University Career Center University Career Center SU 2.02.04,,https://app.joinhandshake.com/edu/events/1792036,,
Build as You Learn: Resume & Cover Letter Career Lab (In-Person),,,,11/10/25,11/10/25,11:00 AM,12:00 PM,,,"💻Have your laptop or paper copy of your resume or cover letter ready to work in real-time + receive support. You will leave this lab with a solid draft or major improvements using UTSA’s Career Center tools and examples.

Here’s what we’ll cover:

📄Purpose of a resume 
🧱Resume structure

Sections: Contact Info, Education, Experience, Skills
Formatting tips: Consistent margins, fonts, reverse-chronological order
Bullet points: Focus on action verbs + results
🔍Review resume examples
🤖Introduce  VMock  resume features (check out our AI/VMock Labs  for a deeper dive)
🧾Purpose of a cover letter & structure
✍️Live working session to work on your resume and/or cover letter



 NOTE: ⏰Please arrive on time; latecomers will be encouraged to attend future labs or drop-ins.

The Career Lab Series is an interactive hands-on learning experience. Please be ready to participate.  If you would like to use a laptop during the lab, please arrive 10 minutes early and let our front desk know.",University Career Center University Career Center SU 2.02.04,,https://app.joinhandshake.com/edu/events/1798689,,
Search Smarter: Internship & Job Search Career Lab (Virtual),,,,11/10/25,11/10/25,1:00 PM,2:00 PM,,,"💻Learn the strategy, start the search. Bring your laptop for this in real-time job/internship navigation lab. You will leave this lab with a clear strategy and have started your search using UTSA’s Career Center tools and knowledge of various job boards. 

Here’s what we’ll cover:

🎯Know what you’re searching for
🔎Where to search
📋 Getting organized/tracking
✍️Live working session to start your search, get help, and apply in real time

FALL 2025 Career Lab Descriptions 

 NOTE: ⏰Please arrive on time; latecomers will be encouraged to attend future labs or drop-ins.

The Career Lab Series is an  interactive hands-on learning experience. Please be ready to participate. For a more engaging and professional experience, we encourage you to have your camera on—just like in most workplace settings. For this lab, our focus is on equipping you with effective internship and job search techniques & tools, but the process of securing opportunities will ultimately depend on your own efforts and engagement.",Virtual ,,https://app.joinhandshake.com/edu/events/1798856,,https://app.joinhandshake.com/edu/events/1798856
Build as You Learn: Resume & Cover Letter Career Lab (Virtual),,,,11/11/25,11/11/25,11:00 AM,12:00 PM,,,"💻Have your laptop or paper copy of your resume or cover letter ready to work in real-time + receive support. You will leave this lab with a solid draft or major improvements using UTSA’s Career Center tools and examples.

Here’s what we’ll cover:

📄Purpose of a resume 
🧱Resume structure

Sections: Contact Info, Education, Experience, Skills
Formatting tips: Consistent margins, fonts, reverse-chronological order
Bullet points: Focus on action verbs + results
🔍Review resume examples
🤖Introduce  VMock  resume features (check out our AI/VMock Labs  for a deeper dive)
🧾Purpose of a cover letter & structure
✍️Live working session to work on your resume and/or cover letter



NOTE: ⏰Please arrive on time; latecomers will be encouraged to attend future labs or drop-ins. For a more engaging and professional experience, we encourage you to have your camera on—just like in most workplace settings.

The Career Lab Series is an interactive hands-on learning experience. Please be ready to participate.  ",Virtual ,,https://app.joinhandshake.com/edu/events/1798921,,https://app.joinhandshake.com/edu/events/1798921
Search Smarter: Internship & Job Search Career Lab (In-Person),,,,11/11/25,11/11/25,1:00 PM,2:00 PM,,,"💻Learn the strategy, start the search. Bring your laptop for this in real-time job/internship navigation lab. You will leave this lab with a clear strategy and have started your search using UTSA’s Career Center tools and knowledge of various job boards. 

Here’s what we’ll cover:

🎯Know what you’re searching for
🔎Where to search
📋 Getting organized/tracking
✍️Live working session to start your search, get help, and apply in real time

FALL 2025 Career Lab Descriptions 

NOTE: ⏰Please arrive on time; latecomers will be encouraged to attend future labs or drop-ins.

The Career Lab Series is an  interactive hands-on learning experience. Please be ready to participate. If you would like to use a laptop during the lab, please arrive 10 minutes early and let our front desk know. For this lab, our focus is on equipping you with effective internship and job search techniques & tools, but the process of securing opportunities will ultimately depend on your own efforts and engagement.",University Career Center University Career Center SU 2.02.04,,https://app.joinhandshake.com/edu/events/1798986,,
Career Center Drop Ins (Virtual) ,,,,11/12/25,11/12/25,11:00 AM,1:00 PM,,,"Need quick career help? Stop by our drop-ins for a 15-minute chat with a Career Consultant—no appointment needed! We can help with resumes, job/internship searches, interview tips, and more.

In- Person-at the Career Center Lobby SU 2.02.04 

Virtual-Register to gain access to Zoom link

If you would like additional help, please see our website at https://careercenter.utsa.edu/ or call our front office at 210-458-4589.

Fall 2025 Drop-In Schedule: Aug 18-Dec 4

Wednesdays 11am-1pm

Thursdays 1pm-3pm",Virtual ,,https://app.joinhandshake.com/edu/events/1792039,,https://app.joinhandshake.com/edu/events/1792039
Career Center Drop Ins (In-Person),,,,11/12/25,11/12/25,11:00 AM,1:00 PM,,,"Need quick career help? Stop by our drop-ins for a 15-minute chat with a Career Consultant—no appointment needed! We can help with resumes, job/internship searches, interview tips, and more.

In- Person-at the Career Center Lobby SU 2.02.04 

Virtual-Register to gain access to Zoom link

If you would like additional help, please see our website at https://careercenter.utsa.edu/ or call our front office at 210-458-4589.

Fall 2025 Drop-In Schedule: Aug 18-Dec 4

Wednesdays 11am-1pm

Thursdays 1pm-3pm",University Career Center University Career Center SU 2.02.04,,https://app.joinhandshake.com/edu/events/1792039,,
Career Center Drop Ins (Virtual) ,,,,11/13/25,11/13/25,1:00 PM,3:00 PM,,,"Need quick career help? Stop by our drop-ins for a 15-minute chat with a Career Consultant—no appointment needed! We can help with resumes, job/internship searches, interview tips, and more.

In- Person-at the Career Center Lobby SU 2.02.04 

Virtual-Register to gain access to Zoom link

If you would like additional help, please see our website at https://careercenter.utsa.edu/ or call our front office at 210-458-4589.

Fall 2025 Drop-In Schedule: Aug 18-Dec 4

Wednesdays 11am-1pm

Thursdays 1pm-3pm",Virtual ,,https://app.joinhandshake.com/edu/events/1792074,,https://app.joinhandshake.com/edu/events/1792074
Career Center Drop Ins (In-Person),,,,11/13/25,11/13/25,1:00 PM,3:00 PM,,,"Need quick career help? Stop by our drop-ins for a 15-minute chat with a Career Consultant—no appointment needed! We can help with resumes, job/internship searches, interview tips, and more.

In- Person-at the Career Center Lobby SU 2.02.04 

Virtual-Register to gain access to Zoom link

If you would like additional help, please see our website at https://careercenter.utsa.edu/ or call our front office at 210-458-4589.

Fall 2025 Drop-In Schedule: Aug 18-Dec 4

Wednesdays 11am-1pm

Thursdays 1pm-3pm",University Career Center University Career Center SU 2.02.04,,https://app.joinhandshake.com/edu/events/1792074,,
Building Your Future on LinkedIn - In-person Career Specialty Lab,,,,11/14/25,11/14/25,10:00 AM,11:00 AM,,,"Are you making the most of LinkedIn as a college student?

In just 50 minutes, this hands-on, in-person lab will show you how to turn LinkedIn into your career launchpad. 

You’ll discover:

Why LinkedIn is a must-have tool for career growth and networking
How to build a standout profile (including a professional photo from our Iris booth if you attend in person)
Smart ways to connect with alumni, industry leaders, and your personal network
The difference between connecting and following—and when to use each
How to research companies, groups, and opportunities for internships or jobs
Strategies to craft a personal brand that gets noticed",University Career Center University Career Center SU 2.02.04,,https://app.joinhandshake.com/edu/events/1796023,,
Build as You Learn: Resume & Cover Letter Career Lab (In-Person),,,,11/17/25,11/17/25,11:00 AM,12:00 PM,,,"💻Have your laptop or paper copy of your resume or cover letter ready to work in real-time + receive support. You will leave this lab with a solid draft or major improvements using UTSA’s Career Center tools and examples.

Here’s what we’ll cover:

📄Purpose of a resume 
🧱Resume structure

Sections: Contact Info, Education, Experience, Skills
Formatting tips: Consistent margins, fonts, reverse-chronological order
Bullet points: Focus on action verbs + results
🔍Review resume examples
🤖Introduce  VMock  resume features (check out our AI/VMock Labs  for a deeper dive)
🧾Purpose of a cover letter & structure
✍️Live working session to work on your resume and/or cover letter



 NOTE: ⏰Please arrive on time; latecomers will be encouraged to attend future labs or drop-ins.

The Career Lab Series is an interactive hands-on learning experience. Please be ready to participate.  If you would like to use a laptop during the lab, please arrive 10 minutes early and let our front desk know.",University Career Center University Career Center SU 2.02.04,,https://app.joinhandshake.com/edu/events/1798698,,
Upgrade Your Resume Using Artificial Intelligence (AI),,,,11/17/25,11/17/25,12:00 PM,1:00 PM,,,"Learn how to create the best resume with the help of artificial intelligence like VMock and Generative AI. We will discuss how to properly use VMock AI and Generative AI to finetune your resume. 

Here is what we will cover:

Background on AI (VMock and Generative AI)
VMock Feedback and Job Optimization
Generative AI Prompts for Resumes

Note: Be prepared to engage and please arrive on time; latecomers will be encouraged to attend future labs or drop-ins. If you would like to borrow a laptop for the lab, please arrive 10 minutes early and let our front desk know.",University Career Center University Career Center SU 2.02.04,,https://app.joinhandshake.com/edu/events/1796063,,
Search Smarter: Internship & Job Search Career Lab (Virtual),,,,11/17/25,11/17/25,1:00 PM,2:00 PM,,,"💻Learn the strategy, start the search. Bring your laptop for this in real-time job/internship navigation lab. You will leave this lab with a clear strategy and have started your search using UTSA’s Career Center tools and knowledge of various job boards. 

Here’s what we’ll cover:

🎯Know what you’re searching for
🔎Where to search
📋 Getting organized/tracking
✍️Live working session to start your search, get help, and apply in real time

FALL 2025 Career Lab Descriptions 

 NOTE: ⏰Please arrive on time; latecomers will be encouraged to attend future labs or drop-ins.

The Career Lab Series is an  interactive hands-on learning experience. Please be ready to participate. For a more engaging and professional experience, we encourage you to have your camera on—just like in most workplace settings. For this lab, our focus is on equipping you with effective internship and job search techniques & tools, but the process of securing opportunities will ultimately depend on your own efforts and engagement.",Virtual ,,https://app.joinhandshake.com/edu/events/1798860,,https://app.joinhandshake.com/edu/events/1798860
Build as You Learn: Resume & Cover Letter Career Lab (Virtual),,,,11/18/25,11/18/25,11:00 AM,12:00 PM,,,"💻Have your laptop or paper copy of your resume or cover letter ready to work in real-time + receive support. You will leave this lab with a solid draft or major improvements using UTSA’s Career Center tools and examples.

Here’s what we’ll cover:

📄Purpose of a resume 
🧱Resume structure

Sections: Contact Info, Education, Experience, Skills
Formatting tips: Consistent margins, fonts, reverse-chronological order
Bullet points: Focus on action verbs + results
🔍Review resume examples
🤖Introduce  VMock  resume features (check out our AI/VMock Labs  for a deeper dive)
🧾Purpose of a cover letter & structure
✍️Live working session to work on your resume and/or cover letter



NOTE: ⏰Please arrive on time; latecomers will be encouraged to attend future labs or drop-ins. For a more engaging and professional experience, we encourage you to have your camera on—just like in most workplace settings.

The Career Lab Series is an interactive hands-on learning experience. Please be ready to participate.  ",Virtual ,,https://app.joinhandshake.com/edu/events/1798925,,https://app.joinhandshake.com/edu/events/1798925
Search Smarter: Internship & Job Search Career Lab (In-Person),,,,11/18/25,11/18/25,1:00 PM,2:00 PM,,,"💻Learn the strategy, start the search. Bring your laptop for this in real-time job/internship navigation lab. You will leave this lab with a clear strategy and have started your search using UTSA’s Career Center tools and knowledge of various job boards. 

Here’s what we’ll cover:

🎯Know what you’re searching for
🔎Where to search
📋 Getting organized/tracking
✍️Live working session to start your search, get help, and apply in real time

FALL 2025 Career Lab Descriptions 

NOTE: ⏰Please arrive on time; latecomers will be encouraged to attend future labs or drop-ins.

The Career Lab Series is an  interactive hands-on learning experience. Please be ready to participate. If you would like to use a laptop during the lab, please arrive 10 minutes early and let our front desk know. For this lab, our focus is on equipping you with effective internship and job search techniques & tools, but the process of securing opportunities will ultimately depend on your own efforts and engagement.",University Career Center University Career Center SU 2.02.04,,https://app.joinhandshake.com/edu/events/1798988,,
Workplace 101: How to Stand Out in Your Internship / First Job,,,,11/18/25,11/18/25,2:00 PM,3:00 PM,,,"Join us for an engaging and practical workshop designed for any UTSA student eager to make a lasting impression in their roles. This event offers actionable insights and strategies to excel in the workplace, covering essential topics such as effective communication, building professional relationships, mastering key job skills, and demonstrating initiative. Through interactive discussions and expert tips, participants will learn how to navigate workplace dynamics, showcase their value, and lay the foundation for long-term career success. Perfect for those looking to turn their internship or first job into a stepping stone for future opportunities!",University Career Center University Career Center SU 2.02.04,,https://app.joinhandshake.com/edu/events/1790019,,
Career Center Drop Ins (Virtual) ,,,,11/19/25,11/19/25,11:00 AM,1:00 PM,,,"Need quick career help? Stop by our drop-ins for a 15-minute chat with a Career Consultant—no appointment needed! We can help with resumes, job/internship searches, interview tips, and more.

In- Person-at the Career Center Lobby SU 2.02.04 

Virtual-Register to gain access to Zoom link

If you would like additional help, please see our website at https://careercenter.utsa.edu/ or call our front office at 210-458-4589.

Fall 2025 Drop-In Schedule: Aug 18-Dec 4

Wednesdays 11am-1pm

Thursdays 1pm-3pm",Virtual ,,https://app.joinhandshake.com/edu/events/1792043,,https://app.joinhandshake.com/edu/events/1792043
Career Center Drop Ins (In-Person),,,,11/19/25,11/19/25,11:00 AM,1:00 PM,,,"Need quick career help? Stop by our drop-ins for a 15-minute chat with a Career Consultant—no appointment needed! We can help with resumes, job/internship searches, interview tips, and more.

In- Person-at the Career Center Lobby SU 2.02.04 

Virtual-Register to gain access to Zoom link

If you would like additional help, please see our website at https://careercenter.utsa.edu/ or call our front office at 210-458-4589.

Fall 2025 Drop-In Schedule: Aug 18-Dec 4

Wednesdays 11am-1pm

Thursdays 1pm-3pm",University Career Center University Career Center SU 2.02.04,,https://app.joinhandshake.com/edu/events/1792043,,
Should I Change My Major? Career Lab (Hybrid) ,,,,11/19/25,11/19/25,12:30 PM,1:30 PM,,,"Considering changing your major? Need help understanding what you career pathways align with your major to make a more informed decision?

Here’s a summary of what we’ll cover:

📅Important Timelines  
💰Financial Aid Concerns
⛺Exploring Majors

Majors & Programs
Career Assessment 
👀Career Development Info

Career Ready Maps
What Can I Do With This Major?
Roadrunner Career Navigator
🙍‍♀️Who To Talk To

Career Consultants
Academic Advisor
Alumni
🚨Academic Advising Info

What If?
Change of Major Request

✍️Live working session. Please bring your laptop or tablet to access the resources being covered in this lab.

🔗 Open to current UTSA Students 

 NOTE: ⏰Please arrive on time; latecomers will be encouraged to attend future labs or drop-ins.

The Career Lab Series is an interactive hands-on learning experience. Please be ready to participate.  If you would like to use a laptop during the lab, please arrive 10 minutes early and let our front desk know.",University Career Center University Career Center SU 2.02.04,,https://app.joinhandshake.com/edu/events/1778460,,
Career Center Drop Ins (Virtual) ,,,,11/20/25,11/20/25,1:00 PM,3:00 PM,,,"Need quick career help? Stop by our drop-ins for a 15-minute chat with a Career Consultant—no appointment needed! We can help with resumes, job/internship searches, interview tips, and more.

In- Person-at the Career Center Lobby SU 2.02.04 

Virtual-Register to gain access to Zoom link

If you would like additional help, please see our website at https://careercenter.utsa.edu/ or call our front office at 210-458-4589.

Fall 2025 Drop-In Schedule: Aug 18-Dec 4

Wednesdays 11am-1pm

Thursdays 1pm-3pm",Virtual ,,https://app.joinhandshake.com/edu/events/1792075,,https://app.joinhandshake.com/edu/events/1792075
Career Center Drop Ins (In-Person),,,,11/20/25,11/20/25,1:00 PM,3:00 PM,,,"Need quick career help? Stop by our drop-ins for a 15-minute chat with a Career Consultant—no appointment needed! We can help with resumes, job/internship searches, interview tips, and more.

In- Person-at the Career Center Lobby SU 2.02.04 

Virtual-Register to gain access to Zoom link

If you would like additional help, please see our website at https://careercenter.utsa.edu/ or call our front office at 210-458-4589.

Fall 2025 Drop-In Schedule: Aug 18-Dec 4

Wednesdays 11am-1pm

Thursdays 1pm-3pm",University Career Center University Career Center SU 2.02.04,,https://app.joinhandshake.com/edu/events/1792075,,
Prescribe Your Path: Steps Toward a Health Profession Career Lab,,,,11/21/25,11/21/25,11:00 AM,12:00 PM,,,"🩺This Health Professions Lab is designed to give you a foundational overview and help you make informed decisions about your next steps. Whether you’re just beginning to explore a career in healthcare or you are already committed to a specific path, this Health Professions Lab will help you understand key steps on how to prepare academically and professionally as well as learn about key resources & support to help you succeed. 



Here’s what we’ll cover:

🔍 What is the Health Professions Office ?
🏥 Exploring careers in the medical field
✅ Understanding prerequisites for program(s) of interest
🔗 How to engage in Health Profession events & connect with Health Profession Student Organizations
💉 How to gain shadowing, volunteering, and clinical experiences
🗓️ Plan for application deadlines



NOTE: ⏰Please arrive on time. Latecomers will be encouraged to attend future Health Profession Labs. See Handshake Events for future lab dates.  This lab will not cover in-depth specific pathways or specific classes that you will need to take. The resources provided in this lab will help you navigate necessary information then empower you to direct your questions to the appropriate departments. ",Virtual ,,https://app.joinhandshake.com/edu/events/1793890,,https://app.joinhandshake.com/edu/events/1793890
Build as You Learn: Resume & Cover Letter Career Lab (In-Person),,,,12/01/25,12/1/25,11:00 AM,12:00 PM,,,"💻Have your laptop or paper copy of your resume or cover letter ready to work in real-time + receive support. You will leave this lab with a solid draft or major improvements using UTSA’s Career Center tools and examples.

Here’s what we’ll cover:

📄Purpose of a resume 
🧱Resume structure

Sections: Contact Info, Education, Experience, Skills
Formatting tips: Consistent margins, fonts, reverse-chronological order
Bullet points: Focus on action verbs + results
🔍Review resume examples
🤖Introduce  VMock  resume features (check out our AI/VMock Labs  for a deeper dive)
🧾Purpose of a cover letter & structure
✍️Live working session to work on your resume and/or cover letter



 NOTE: ⏰Please arrive on time; latecomers will be encouraged to attend future labs or drop-ins.

The Career Lab Series is an interactive hands-on learning experience. Please be ready to participate.  If you would like to use a laptop during the lab, please arrive 10 minutes early and let our front desk know.",University Career Center University Career Center SU 2.02.04,,https://app.joinhandshake.com/edu/events/1798722,,
Search Smarter: Internship & Job Search Career Lab (Virtual),,,,12/01/25,12/1/25,1:00 PM,2:00 PM,,,"💻Learn the strategy, start the search. Bring your laptop for this in real-time job/internship navigation lab. You will leave this lab with a clear strategy and have started your search using UTSA’s Career Center tools and knowledge of various job boards. 

Here’s what we’ll cover:

🎯Know what you’re searching for
🔎Where to search
📋 Getting organized/tracking
✍️Live working session to start your search, get help, and apply in real time

FALL 2025 Career Lab Descriptions 

 NOTE: ⏰Please arrive on time; latecomers will be encouraged to attend future labs or drop-ins.

The Career Lab Series is an  interactive hands-on learning experience. Please be ready to participate. For a more engaging and professional experience, we encourage you to have your camera on—just like in most workplace settings. For this lab, our focus is on equipping you with effective internship and job search techniques & tools, but the process of securing opportunities will ultimately depend on your own efforts and engagement.",Virtual ,,https://app.joinhandshake.com/edu/events/1798868,,https://app.joinhandshake.com/edu/events/1798868
Build as You Learn: Resume & Cover Letter Career Lab (Virtual),,,,12/02/25,12/2/25,11:00 AM,12:00 PM,,,"💻Have your laptop or paper copy of your resume or cover letter ready to work in real-time + receive support. You will leave this lab with a solid draft or major improvements using UTSA’s Career Center tools and examples.

Here’s what we’ll cover:

📄Purpose of a resume 
🧱Resume structure

Sections: Contact Info, Education, Experience, Skills
Formatting tips: Consistent margins, fonts, reverse-chronological order
Bullet points: Focus on action verbs + results
🔍Review resume examples
🤖Introduce  VMock  resume features (check out our AI/VMock Labs  for a deeper dive)
🧾Purpose of a cover letter & structure
✍️Live working session to work on your resume and/or cover letter



NOTE: ⏰Please arrive on time; latecomers will be encouraged to attend future labs or drop-ins. For a more engaging and professional experience, we encourage you to have your camera on—just like in most workplace settings.

The Career Lab Series is an interactive hands-on learning experience. Please be ready to participate.  ",Virtual ,,https://app.joinhandshake.com/edu/events/1798929,,https://app.joinhandshake.com/edu/events/1798929
Search Smarter: Internship & Job Search Career Lab (In-Person),,,,12/02/25,12/2/25,1:00 PM,2:00 PM,,,"💻Learn the strategy, start the search. Bring your laptop for this in real-time job/internship navigation lab. You will leave this lab with a clear strategy and have started your search using UTSA’s Career Center tools and knowledge of various job boards. 

Here’s what we’ll cover:

🎯Know what you’re searching for
🔎Where to search
📋 Getting organized/tracking
✍️Live working session to start your search, get help, and apply in real time

FALL 2025 Career Lab Descriptions 

NOTE: ⏰Please arrive on time; latecomers will be encouraged to attend future labs or drop-ins.

The Career Lab Series is an  interactive hands-on learning experience. Please be ready to participate. If you would like to use a laptop during the lab, please arrive 10 minutes early and let our front desk know. For this lab, our focus is on equipping you with effective internship and job search techniques & tools, but the process of securing opportunities will ultimately depend on your own efforts and engagement.",University Career Center University Career Center SU 2.02.04,,https://app.joinhandshake.com/edu/events/1798989,,
Career Center Drop Ins (Virtual) ,,,,12/03/25,12/3/25,11:00 AM,1:00 PM,,,"Need quick career help? Stop by our drop-ins for a 15-minute chat with a Career Consultant—no appointment needed! We can help with resumes, job/internship searches, interview tips, and more.

In- Person-at the Career Center Lobby SU 2.02.04 

Virtual-Register to gain access to Zoom link

If you would like additional help, please see our website at https://careercenter.utsa.edu/ or call our front office at 210-458-4589.

Fall 2025 Drop-In Schedule: Aug 18-Dec 4

Wednesdays 11am-1pm

Thursdays 1pm-3pm",Virtual ,,https://app.joinhandshake.com/edu/events/1792044,,https://app.joinhandshake.com/edu/events/1792044
Career Center Drop Ins (In-Person),,,,12/03/25,12/3/25,11:00 AM,1:00 PM,,,"Need quick career help? Stop by our drop-ins for a 15-minute chat with a Career Consultant—no appointment needed! We can help with resumes, job/internship searches, interview tips, and more.

In- Person-at the Career Center Lobby SU 2.02.04 

Virtual-Register to gain access to Zoom link

If you would like additional help, please see our website at https://careercenter.utsa.edu/ or call our front office at 210-458-4589.

Fall 2025 Drop-In Schedule: Aug 18-Dec 4

Wednesdays 11am-1pm

Thursdays 1pm-3pm",University Career Center University Career Center SU 2.02.04,,https://app.joinhandshake.com/edu/events/1792044,,
Career Center Drop Ins (Virtual) ,,,,12/04/25,12/4/25,1:00 PM,3:00 PM,,,"Need quick career help? Stop by our drop-ins for a 15-minute chat with a Career Consultant—no appointment needed! We can help with resumes, job/internship searches, interview tips, and more.

In- Person-at the Career Center Lobby SU 2.02.04 

Virtual-Register to gain access to Zoom link

If you would like additional help, please see our website at https://careercenter.utsa.edu/ or call our front office at 210-458-4589.

Fall 2025 Drop-In Schedule: Aug 18-Dec 4

Wednesdays 11am-1pm

Thursdays 1pm-3pm",Virtual ,,https://app.joinhandshake.com/edu/events/1792076,,https://app.joinhandshake.com/edu/events/1792076
Career Center Drop Ins (In-Person),,,,12/04/25,12/4/25,1:00 PM,3:00 PM,,,"Need quick career help? Stop by our drop-ins for a 15-minute chat with a Career Consultant—no appointment needed! We can help with resumes, job/internship searches, interview tips, and more.

In- Person-at the Career Center Lobby SU 2.02.04 

Virtual-Register to gain access to Zoom link

If you would like additional help, please see our website at https://careercenter.utsa.edu/ or call our front office at 210-458-4589.

Fall 2025 Drop-In Schedule: Aug 18-Dec 4

Wednesdays 11am-1pm

Thursdays 1pm-3pm",University Career Center University Career Center SU 2.02.04,,https://app.joinhandshake.com/edu/events/1792076,,